/your_dir/realset/9/1_404_529_256.mrc,3
/your_dir/realset/7/1_252_956_272.mrc,2
/your_dir/realset/21/1_284_381_118.mrc,7
/your_dir/realset/20/1_134_552_107.mrc,6
/your_dir/realset/1/1_223_150_212.mrc,0
/your_dir/realset/18/1_575_789_257.mrc,10
/your_dir/realset/23/1_125_291_133.mrc,8
/your_dir/realset/21/1_567_516_96.mrc,7
/your_dir/realset/7/1_370_492_271.mrc,2
/your_dir/realset/19/1_117_602_170.mrc,5
/your_dir/realset/22/1_239_150_64.mrc,11
/your_dir/realset/21/1_301_491_48.mrc,7
/your_dir/realset/21/1_334_581_141.mrc,7
/your_dir/realset/16/1_418_548_199.mrc,4
/your_dir/realset/23/1_431_548_123.mrc,8
/your_dir/realset/16/1_415_553_197.mrc,4
/your_dir/realset/9/1_876_580_268.mrc,3
/your_dir/realset/7/1_824_668_193.mrc,2
/your_dir/realset/7/1_374_728_314.mrc,2
/your_dir/realset/19/1_51_23_95.mrc,5
/your_dir/realset/16/1_611_21_176.mrc,4
/your_dir/realset/21/1_523_550_173.mrc,7
/your_dir/realset/7/1_168_462_258.mrc,2
/your_dir/realset/8/1_382_509_243.mrc,9
/your_dir/realset/1/1_248_171_239.mrc,0
/your_dir/realset/7/1_706_379_239.mrc,2
/your_dir/realset/9/1_383_499_248.mrc,3
/your_dir/realset/20/1_433_401_78.mrc,6
/your_dir/realset/18/1_584_773_280.mrc,10
/your_dir/realset/9/1_415_512_247.mrc,3
/your_dir/realset/18/1_574_785_251.mrc,10
/your_dir/realset/7/1_504_256_313.mrc,2
/your_dir/realset/18/1_577_796_255.mrc,10
/your_dir/realset/7/1_711_717_227.mrc,2
/your_dir/realset/9/1_390_494_255.mrc,3
/your_dir/realset/7/1_55_723_249.mrc,2
/your_dir/realset/19/1_129_192_117.mrc,5
/your_dir/realset/22/1_551_515_80.mrc,11
/your_dir/realset/19/1_37_231_91.mrc,5
/your_dir/realset/8/1_368_506_251.mrc,9
/your_dir/realset/1/1_260_98_244.mrc,0
/your_dir/realset/7/1_309_509_279.mrc,2
/your_dir/realset/7/1_957_326_253.mrc,2
/your_dir/realset/19/1_128_38_98.mrc,5
/your_dir/realset/18/1_574_784_258.mrc,10
/your_dir/realset/1/1_247_145_162.mrc,0
/your_dir/realset/9/1_375_500_242.mrc,3
/your_dir/realset/16/1_584_41_144.mrc,4
/your_dir/realset/3/1_232_260_278.mrc,1
/your_dir/realset/3/1_234_440_238.mrc,1
/your_dir/realset/1/1_225_53_144.mrc,0
/your_dir/realset/22/1_281_483_150.mrc,11
/your_dir/realset/20/1_493_446_41.mrc,6
/your_dir/realset/1/1_218_121_203.mrc,0
/your_dir/realset/22/1_155_350_131.mrc,11
/your_dir/realset/3/1_346_82_208.mrc,1
/your_dir/realset/9/1_857_585_281.mrc,3
/your_dir/realset/19/1_29_557_29.mrc,5
/your_dir/realset/3/1_132_254_242.mrc,1
/your_dir/realset/9/1_364_496_200.mrc,3
/your_dir/realset/9/1_604_480_244.mrc,3
/your_dir/realset/21/1_303_367_124.mrc,7
/your_dir/realset/16/1_582_82_154.mrc,4
/your_dir/realset/20/1_542_556_109.mrc,6
/your_dir/realset/7/1_447_233_262.mrc,2
/your_dir/realset/20/1_331_367_177.mrc,6
/your_dir/realset/1/1_242_52_191.mrc,0
/your_dir/realset/18/1_575_770_337.mrc,10
/your_dir/realset/23/1_270_57_158.mrc,8
/your_dir/realset/19/1_121_185_88.mrc,5
/your_dir/realset/1/1_170_139_269.mrc,0
/your_dir/realset/16/1_532_113_147.mrc,4
/your_dir/realset/18/1_581_769_320.mrc,10
/your_dir/realset/1/1_269_101_219.mrc,0
/your_dir/realset/8/1_401_500_257.mrc,9
/your_dir/realset/7/1_374_248_252.mrc,2
/your_dir/realset/1/1_177_135_193.mrc,0
/your_dir/realset/20/1_506_131_160.mrc,6
/your_dir/realset/9/1_368_498_248.mrc,3
/your_dir/realset/9/1_380_491_243.mrc,3
/your_dir/realset/16/1_457_684_234.mrc,4
/your_dir/realset/19/1_45_245_77.mrc,5
/your_dir/realset/19/1_116_40_124.mrc,5
/your_dir/realset/8/1_369_501_253.mrc,9
/your_dir/realset/20/1_299_62_120.mrc,6
/your_dir/realset/20/1_534_220_27.mrc,6
/your_dir/realset/18/1_576_796_285.mrc,10
/your_dir/realset/22/1_269_449_129.mrc,11
/your_dir/realset/16/1_472_668_243.mrc,4
/your_dir/realset/3/1_142_534_316.mrc,1
/your_dir/realset/7/1_747_416_201.mrc,2
/your_dir/realset/1/1_206_65_158.mrc,0
/your_dir/realset/22/1_267_524_157.mrc,11
/your_dir/realset/21/1_354_174_107.mrc,7
/your_dir/realset/18/1_573_790_327.mrc,10
/your_dir/realset/23/1_46_338_154.mrc,8
/your_dir/realset/20/1_470_475_95.mrc,6
/your_dir/realset/20/1_437_75_159.mrc,6
/your_dir/realset/1/1_262_123_248.mrc,0
/your_dir/realset/22/1_553_504_44.mrc,11
/your_dir/realset/7/1_797_310_229.mrc,2
/your_dir/realset/20/1_439_71_180.mrc,6
/your_dir/realset/16/1_582_70_151.mrc,4
/your_dir/realset/7/1_756_609_312.mrc,2
/your_dir/realset/20/1_472_301_134.mrc,6
/your_dir/realset/7/1_402_765_310.mrc,2
/your_dir/realset/7/1_561_441_232.mrc,2
/your_dir/realset/7/1_650_699_263.mrc,2
/your_dir/realset/7/1_474_390_288.mrc,2
/your_dir/realset/7/1_935_554_238.mrc,2
/your_dir/realset/1/1_109_94_248.mrc,0
/your_dir/realset/16/1_469_645_199.mrc,4
/your_dir/realset/22/1_451_498_94.mrc,11
/your_dir/realset/18/1_571_776_334.mrc,10
/your_dir/realset/18/1_573_789_343.mrc,10
/your_dir/realset/23/1_167_282_81.mrc,8
/your_dir/realset/23/1_164_394_104.mrc,8
/your_dir/realset/7/1_210_482_191.mrc,2
/your_dir/realset/19/1_24_105_50.mrc,5
/your_dir/realset/7/1_299_50_241.mrc,2
/your_dir/realset/9/1_408_506_250.mrc,3
/your_dir/realset/19/1_59_264_105.mrc,5
/your_dir/realset/20/1_470_501_113.mrc,6
/your_dir/realset/1/1_132_74_244.mrc,0
/your_dir/realset/22/1_528_535_67.mrc,11
/your_dir/realset/9/1_389_489_242.mrc,3
/your_dir/realset/18/1_571_796_233.mrc,10
/your_dir/realset/19/1_36_28_93.mrc,5
/your_dir/realset/21/1_597_601_161.mrc,7
/your_dir/realset/7/1_122_867_305.mrc,2
/your_dir/realset/1/1_236_159_238.mrc,0
/your_dir/realset/16/1_473_641_200.mrc,4
/your_dir/realset/20/1_606_81_29.mrc,6
/your_dir/realset/9/1_383_498_255.mrc,3
/your_dir/realset/3/1_94_324_286.mrc,1
/your_dir/realset/1/1_131_21_199.mrc,0
/your_dir/realset/22/1_255_102_77.mrc,11
/your_dir/realset/9/1_403_515_251.mrc,3
/your_dir/realset/20/1_572_468_80.mrc,6
/your_dir/realset/20/1_565_259_38.mrc,6
/your_dir/realset/7/1_969_581_266.mrc,2
/your_dir/realset/9/1_855_606_268.mrc,3
/your_dir/realset/3/1_90_324_318.mrc,1
/your_dir/realset/3/1_162_286_314.mrc,1
/your_dir/realset/16/1_421_543_201.mrc,4
/your_dir/realset/19/1_119_38_39.mrc,5
/your_dir/realset/1/1_74_67_215.mrc,0
/your_dir/realset/19/1_128_185_96.mrc,5
/your_dir/realset/20/1_269_534_88.mrc,6
/your_dir/realset/1/1_215_53_175.mrc,0
/your_dir/realset/7/1_408_148_245.mrc,2
/your_dir/realset/8/1_374_508_246.mrc,9
/your_dir/realset/7/1_176_736_216.mrc,2
/your_dir/realset/19/1_30_546_45.mrc,5
/your_dir/realset/9/1_399_502_252.mrc,3
/your_dir/realset/21/1_343_546_18.mrc,7
/your_dir/realset/9/1_863_585_281.mrc,3
/your_dir/realset/21/1_181_501_152.mrc,7
/your_dir/realset/8/1_368_498_248.mrc,9
/your_dir/realset/20/1_499_148_159.mrc,6
/your_dir/realset/20/1_599_262_122.mrc,6
/your_dir/realset/7/1_493_803_172.mrc,2
/your_dir/realset/1/1_119_57_260.mrc,0
/your_dir/realset/7/1_240_632_262.mrc,2
/your_dir/realset/20/1_293_48_144.mrc,6
/your_dir/realset/7/1_652_311_242.mrc,2
/your_dir/realset/19/1_76_504_61.mrc,5
/your_dir/realset/23/1_253_64_147.mrc,8
/your_dir/realset/1/1_264_51_220.mrc,0
/your_dir/realset/16/1_464_676_239.mrc,4
/your_dir/realset/22/1_138_339_83.mrc,11
/your_dir/realset/8/1_373_512_248.mrc,9
/your_dir/realset/18/1_584_806_216.mrc,10
/your_dir/realset/7/1_304_326_250.mrc,2
/your_dir/realset/21/1_588_583_151.mrc,7
/your_dir/realset/21/1_141_404_118.mrc,7
/your_dir/realset/8/1_386_514_252.mrc,9
/your_dir/realset/7/1_891_437_217.mrc,2
/your_dir/realset/9/1_382_506_238.mrc,3
/your_dir/realset/21/1_276_533_48.mrc,7
/your_dir/realset/1/1_128_46_228.mrc,0
/your_dir/realset/18/1_574_789_269.mrc,10
/your_dir/realset/21/1_384_385_76.mrc,7
/your_dir/realset/20/1_305_81_101.mrc,6
/your_dir/realset/18/1_576_785_242.mrc,10
/your_dir/realset/21/1_335_383_101.mrc,7
/your_dir/realset/7/1_512_684_202.mrc,2
/your_dir/realset/1/1_96_84_207.mrc,0
/your_dir/realset/19/1_135_166_66.mrc,5
/your_dir/realset/8/1_364_496_200.mrc,9
/your_dir/realset/16/1_584_30_141.mrc,4
/your_dir/realset/3/1_284_348_170.mrc,1
/your_dir/realset/1/1_286_207_262.mrc,0
/your_dir/realset/22/1_149_375_107.mrc,11
/your_dir/realset/3/1_86_808_206.mrc,1
/your_dir/realset/18/1_571_784_332.mrc,10
/your_dir/realset/19/1_38_557_26.mrc,5
/your_dir/realset/21/1_117_413_126.mrc,7
/your_dir/realset/7/1_189_131_353.mrc,2
/your_dir/realset/7/1_416_589_197.mrc,2
/your_dir/realset/19/1_50_513_162.mrc,5
/your_dir/realset/7/1_933_152_322.mrc,2
/your_dir/realset/3/1_330_390_214.mrc,1
/your_dir/realset/18/1_577_777_280.mrc,10
/your_dir/realset/16/1_464_574_189.mrc,4
/your_dir/realset/7/1_174_402_238.mrc,2
/your_dir/realset/1/1_200_28_248.mrc,0
/your_dir/realset/22/1_524_216_165.mrc,11
/your_dir/realset/18/1_571_775_344.mrc,10
/your_dir/realset/3/1_166_274_228.mrc,1
/your_dir/realset/1/1_161_68_234.mrc,0
/your_dir/realset/3/1_222_516_318.mrc,1
/your_dir/realset/20/1_541_528_45.mrc,6
/your_dir/realset/7/1_384_592_275.mrc,2
/your_dir/realset/20/1_126_310_61.mrc,6
/your_dir/realset/21/1_404_361_44.mrc,7
/your_dir/realset/20/1_400_405_40.mrc,6
/your_dir/realset/19/1_91_600_168.mrc,5
/your_dir/realset/19/1_26_92_45.mrc,5
/your_dir/realset/1/1_91_86_251.mrc,0
/your_dir/realset/16/1_509_590_221.mrc,4
/your_dir/realset/9/1_873_587_279.mrc,3
/your_dir/realset/7/1_626_256_270.mrc,2
/your_dir/realset/7/1_529_260_276.mrc,2
/your_dir/realset/22/1_266_399_70.mrc,11
/your_dir/realset/23/1_567_87_34.mrc,8
/your_dir/realset/21/1_161_128_161.mrc,7
/your_dir/realset/7/1_64_372_236.mrc,2
/your_dir/realset/7/1_143_280_273.mrc,2
/your_dir/realset/3/1_170_438_146.mrc,1
/your_dir/realset/22/1_309_71_109.mrc,11
/your_dir/realset/19/1_34_204_144.mrc,5
/your_dir/realset/7/1_758_680_265.mrc,2
/your_dir/realset/9/1_414_504_249.mrc,3
/your_dir/realset/9/1_875_584_282.mrc,3
/your_dir/realset/19/1_121_27_28.mrc,5
/your_dir/realset/3/1_330_334_258.mrc,1
/your_dir/realset/3/1_196_352_294.mrc,1
/your_dir/realset/23/1_244_268_42.mrc,8
/your_dir/realset/16/1_540_31_127.mrc,4
/your_dir/realset/21/1_189_117_159.mrc,7
/your_dir/realset/1/1_77_30_200.mrc,0
/your_dir/realset/18/1_573_781_293.mrc,10
/your_dir/realset/23/1_83_252_48.mrc,8
/your_dir/realset/1/1_124_101_214.mrc,0
/your_dir/realset/21/1_454_430_123.mrc,7
/your_dir/realset/21/1_457_481_107.mrc,7
/your_dir/realset/21/1_157_171_177.mrc,7
/your_dir/realset/18/1_583_774_274.mrc,10
/your_dir/realset/3/1_284_302_222.mrc,1
/your_dir/realset/21/1_299_594_147.mrc,7
/your_dir/realset/18/1_574_784_262.mrc,10
/your_dir/realset/7/1_132_439_199.mrc,2
/your_dir/realset/3/1_234_322_132.mrc,1
/your_dir/realset/16/1_461_579_187.mrc,4
/your_dir/realset/18/1_578_794_349.mrc,10
/your_dir/realset/20/1_598_545_112.mrc,6
/your_dir/realset/9/1_875_582_273.mrc,3
/your_dir/realset/18/1_575_791_245.mrc,10
/your_dir/realset/1/1_245_78_184.mrc,0
/your_dir/realset/20/1_599_532_90.mrc,6
/your_dir/realset/3/1_58_538_294.mrc,1
/your_dir/realset/8/1_390_497_235.mrc,9
/your_dir/realset/7/1_248_741_190.mrc,2
/your_dir/realset/16/1_464_676_238.mrc,4
/your_dir/realset/19/1_31_322_130.mrc,5
/your_dir/realset/20/1_127_281_49.mrc,6
/your_dir/realset/9/1_594_490_236.mrc,3
/your_dir/realset/7/1_697_437_197.mrc,2
/your_dir/realset/21/1_265_129_171.mrc,7
/your_dir/realset/23/1_477_74_78.mrc,8
/your_dir/realset/16/1_460_680_237.mrc,4
/your_dir/realset/21/1_146_333_31.mrc,7
/your_dir/realset/18/1_580_781_219.mrc,10
/your_dir/realset/20/1_61_409_149.mrc,6
/your_dir/realset/16/1_445_505_218.mrc,4
/your_dir/realset/19/1_94_594_176.mrc,5
/your_dir/realset/3/1_132_424_276.mrc,1
/your_dir/realset/9/1_851_602_269.mrc,3
/your_dir/realset/7/1_825_290_244.mrc,2
/your_dir/realset/9/1_854_595_276.mrc,3
/your_dir/realset/7/1_977_605_212.mrc,2
/your_dir/realset/20/1_583_96_31.mrc,6
/your_dir/realset/7/1_105_775_273.mrc,2
/your_dir/realset/3/1_126_558_306.mrc,1
/your_dir/realset/7/1_611_835_279.mrc,2
/your_dir/realset/21/1_144_132_161.mrc,7
/your_dir/realset/7/1_460_128_259.mrc,2
/your_dir/realset/7/1_219_723_314.mrc,2
/your_dir/realset/16/1_436_519_211.mrc,4
/your_dir/realset/3/1_312_170_206.mrc,1
/your_dir/realset/21/1_22_349_37.mrc,7
/your_dir/realset/19/1_26_323_117.mrc,5
/your_dir/realset/18/1_575_802_236.mrc,10
/your_dir/realset/7/1_330_556_234.mrc,2
/your_dir/realset/18/1_577_800_233.mrc,10
/your_dir/realset/7/1_909_492_264.mrc,2
/your_dir/realset/21/1_526_469_108.mrc,7
/your_dir/realset/1/1_156_73_214.mrc,0
/your_dir/realset/7/1_501_610_227.mrc,2
/your_dir/realset/18/1_576_797_275.mrc,10
/your_dir/realset/3/1_180_342_182.mrc,1
/your_dir/realset/7/1_770_633_214.mrc,2
/your_dir/realset/7/1_135_535_209.mrc,2
/your_dir/realset/7/1_917_486_296.mrc,2
/your_dir/realset/19/1_52_528_151.mrc,5
/your_dir/realset/21/1_296_494_34.mrc,7
/your_dir/realset/3/1_60_324_270.mrc,1
/your_dir/realset/19/1_42_550_39.mrc,5
/your_dir/realset/1/1_149_30_224.mrc,0
/your_dir/realset/19/1_22_31_125.mrc,5
/your_dir/realset/19/1_137_603_181.mrc,5
/your_dir/realset/7/1_859_186_242.mrc,2
/your_dir/realset/20/1_520_272_60.mrc,6
/your_dir/realset/8/1_389_526_249.mrc,9
/your_dir/realset/22/1_257_248_57.mrc,11
/your_dir/realset/7/1_586_731_263.mrc,2
/your_dir/realset/19/1_31_510_170.mrc,5
/your_dir/realset/1/1_255_67_170.mrc,0
/your_dir/realset/21/1_345_165_92.mrc,7
/your_dir/realset/8/1_367_489_197.mrc,9
/your_dir/realset/19/1_102_595_168.mrc,5
/your_dir/realset/8/1_381_518_245.mrc,9
/your_dir/realset/9/1_388_520_254.mrc,3
/your_dir/realset/1/1_147_50_187.mrc,0
/your_dir/realset/20/1_171_434_86.mrc,6
/your_dir/realset/21/1_509_425_61.mrc,7
/your_dir/realset/7/1_178_737_249.mrc,2
/your_dir/realset/21/1_301_349_95.mrc,7
/your_dir/realset/23/1_493_538_43.mrc,8
/your_dir/realset/20/1_26_409_29.mrc,6
/your_dir/realset/3/1_104_792_230.mrc,1
/your_dir/realset/20/1_448_315_119.mrc,6
/your_dir/realset/21/1_165_336_23.mrc,7
/your_dir/realset/23/1_326_372_109.mrc,8
/your_dir/realset/7/1_192_649_287.mrc,2
/your_dir/realset/21/1_268_148_180.mrc,7
/your_dir/realset/16/1_582_77_153.mrc,4
/your_dir/realset/9/1_408_529_250.mrc,3
/your_dir/realset/3/1_126_500_200.mrc,1
/your_dir/realset/21/1_321_603_162.mrc,7
/your_dir/realset/18/1_582_768_328.mrc,10
/your_dir/realset/21/1_566_543_123.mrc,7
/your_dir/realset/7/1_879_415_288.mrc,2
/your_dir/realset/20/1_444_103_147.mrc,6
/your_dir/realset/22/1_132_349_51.mrc,11
/your_dir/realset/7/1_901_380_263.mrc,2
/your_dir/realset/3/1_184_356_138.mrc,1
/your_dir/realset/8/1_381_523_246.mrc,9
/your_dir/realset/19/1_50_518_156.mrc,5
/your_dir/realset/23/1_136_266_95.mrc,8
/your_dir/realset/22/1_245_115_116.mrc,11
/your_dir/realset/19/1_111_25_101.mrc,5
/your_dir/realset/7/1_164_605_206.mrc,2
/your_dir/realset/7/1_163_892_212.mrc,2
/your_dir/realset/1/1_110_94_226.mrc,0
/your_dir/realset/9/1_388_507_256.mrc,3
/your_dir/realset/3/1_242_278_220.mrc,1
/your_dir/realset/18/1_577_776_289.mrc,10
/your_dir/realset/20/1_146_548_131.mrc,6
/your_dir/realset/19/1_41_254_89.mrc,5
/your_dir/realset/8/1_401_517_257.mrc,9
/your_dir/realset/3/1_114_356_238.mrc,1
/your_dir/realset/20/1_490_106_142.mrc,6
/your_dir/realset/7/1_77_361_210.mrc,2
/your_dir/realset/20/1_567_563_105.mrc,6
/your_dir/realset/3/1_90_282_262.mrc,1
/your_dir/realset/20/1_566_570_19.mrc,6
/your_dir/realset/22/1_215_105_76.mrc,11
/your_dir/realset/7/1_388_542_261.mrc,2
/your_dir/realset/8/1_388_507_242.mrc,9
/your_dir/realset/9/1_405_520_251.mrc,3
/your_dir/realset/21/1_544_530_167.mrc,7
/your_dir/realset/20/1_510_214_37.mrc,6
/your_dir/realset/21/1_519_475_35.mrc,7
/your_dir/realset/3/1_96_472_314.mrc,1
/your_dir/realset/3/1_262_348_208.mrc,1
/your_dir/realset/19/1_68_494_63.mrc,5
/your_dir/realset/19/1_136_55_38.mrc,5
/your_dir/realset/7/1_491_185_217.mrc,2
/your_dir/realset/9/1_880_598_270.mrc,3
/your_dir/realset/22/1_539_196_100.mrc,11
/your_dir/realset/23/1_437_244_48.mrc,8
/your_dir/realset/9/1_369_501_253.mrc,3
/your_dir/realset/22/1_131_439_92.mrc,11
/your_dir/realset/7/1_420_234_317.mrc,2
/your_dir/realset/7/1_805_525_223.mrc,2
/your_dir/realset/1/1_231_161_222.mrc,0
/your_dir/realset/16/1_539_49_131.mrc,4
/your_dir/realset/3/1_232_218_238.mrc,1
/your_dir/realset/16/1_581_88_156.mrc,4
/your_dir/realset/7/1_583_694_183.mrc,2
/your_dir/realset/21/1_426_57_79.mrc,7
/your_dir/realset/22/1_586_510_52.mrc,11
/your_dir/realset/18/1_575_789_264.mrc,10
/your_dir/realset/19/1_51_551_30.mrc,5
/your_dir/realset/3/1_202_516_288.mrc,1
/your_dir/realset/7/1_519_643_234.mrc,2
/your_dir/realset/21/1_506_439_108.mrc,7
/your_dir/realset/20/1_36_340_132.mrc,6
/your_dir/realset/22/1_445_81_115.mrc,11
/your_dir/realset/19/1_23_533_181.mrc,5
/your_dir/realset/7/1_143_678_258.mrc,2
/your_dir/realset/22/1_73_380_84.mrc,11
/your_dir/realset/21/1_308_508_45.mrc,7
/your_dir/realset/7/1_729_449_198.mrc,2
/your_dir/realset/21/1_48_357_45.mrc,7
/your_dir/realset/7/1_787_703_290.mrc,2
/your_dir/realset/19/1_121_29_99.mrc,5
/your_dir/realset/1/1_126_36_254.mrc,0
/your_dir/realset/3/1_58_364_238.mrc,1
/your_dir/realset/21/1_345_585_117.mrc,7
/your_dir/realset/8/1_384_505_249.mrc,9
/your_dir/realset/3/1_314_170_268.mrc,1
/your_dir/realset/21/1_215_166_180.mrc,7
/your_dir/realset/1/1_151_72_203.mrc,0
/your_dir/realset/20/1_104_288_43.mrc,6
/your_dir/realset/18/1_575_791_241.mrc,10
/your_dir/realset/3/1_190_372_170.mrc,1
/your_dir/realset/1/1_269_65_184.mrc,0
/your_dir/realset/23/1_253_86_96.mrc,8
/your_dir/realset/9/1_389_526_249.mrc,3
/your_dir/realset/9/1_406_530_240.mrc,3
/your_dir/realset/9/1_389_521_248.mrc,3
/your_dir/realset/1/1_229_72_240.mrc,0
/your_dir/realset/20/1_487_436_22.mrc,6
/your_dir/realset/21/1_449_440_108.mrc,7
/your_dir/realset/3/1_98_842_302.mrc,1
/your_dir/realset/9/1_396_508_256.mrc,3
/your_dir/realset/20/1_233_486_91.mrc,6
/your_dir/realset/19/1_25_113_58.mrc,5
/your_dir/realset/18/1_578_779_252.mrc,10
/your_dir/realset/9/1_866_581_280.mrc,3
/your_dir/realset/9/1_391_501_247.mrc,3
/your_dir/realset/23/1_381_480_48.mrc,8
/your_dir/realset/18/1_575_785_246.mrc,10
/your_dir/realset/9/1_406_524_250.mrc,3
/your_dir/realset/1/1_126_28_168.mrc,0
/your_dir/realset/20/1_422_102_121.mrc,6
/your_dir/realset/22/1_593_353_78.mrc,11
/your_dir/realset/9/1_388_502_230.mrc,3
/your_dir/realset/7/1_960_270_242.mrc,2
/your_dir/realset/8/1_389_511_257.mrc,9
/your_dir/realset/20/1_527_222_20.mrc,6
/your_dir/realset/16/1_406_567_191.mrc,4
/your_dir/realset/8/1_382_513_245.mrc,9
/your_dir/realset/7/1_179_593_278.mrc,2
/your_dir/realset/16/1_483_627_205.mrc,4
/your_dir/realset/19/1_103_181_69.mrc,5
/your_dir/realset/1/1_262_48_201.mrc,0
/your_dir/realset/7/1_814_924_299.mrc,2
/your_dir/realset/7/1_328_597_230.mrc,2
/your_dir/realset/9/1_386_488_238.mrc,3
/your_dir/realset/1/1_268_185_208.mrc,0
/your_dir/realset/22/1_558_319_83.mrc,11
/your_dir/realset/20/1_488_231_85.mrc,6
/your_dir/realset/7/1_780_140_240.mrc,2
/your_dir/realset/20/1_284_68_138.mrc,6
/your_dir/realset/1/1_86_81_174.mrc,0
/your_dir/realset/3/1_164_212_298.mrc,1
/your_dir/realset/9/1_387_502_242.mrc,3
/your_dir/realset/21/1_411_60_101.mrc,7
/your_dir/realset/7/1_204_199_233.mrc,2
/your_dir/realset/20/1_138_500_182.mrc,6
/your_dir/realset/7/1_339_676_208.mrc,2
/your_dir/realset/9/1_380_494_248.mrc,3
/your_dir/realset/21/1_607_580_136.mrc,7
/your_dir/realset/20/1_391_393_91.mrc,6
/your_dir/realset/1/1_193_90_240.mrc,0
/your_dir/realset/21/1_150_101_162.mrc,7
/your_dir/realset/16/1_538_66_136.mrc,4
/your_dir/realset/3/1_88_554_118.mrc,1
/your_dir/realset/3/1_158_316_204.mrc,1
/your_dir/realset/20/1_541_502_148.mrc,6
/your_dir/realset/9/1_374_473_241.mrc,3
/your_dir/realset/9/1_885_605_251.mrc,3
/your_dir/realset/21/1_209_179_159.mrc,7
/your_dir/realset/7/1_291_479_278.mrc,2
/your_dir/realset/18/1_579_780_234.mrc,10
/your_dir/realset/7/1_543_346_244.mrc,2
/your_dir/realset/1/1_272_124_168.mrc,0
/your_dir/realset/22/1_547_562_62.mrc,11
/your_dir/realset/23/1_560_349_92.mrc,8
/your_dir/realset/3/1_168_504_316.mrc,1
/your_dir/realset/23/1_46_247_129.mrc,8
/your_dir/realset/16/1_498_639_259.mrc,4
/your_dir/realset/21/1_349_101_128.mrc,7
/your_dir/realset/23/1_126_414_118.mrc,8
/your_dir/realset/21/1_300_473_32.mrc,7
/your_dir/realset/16/1_583_53_146.mrc,4
/your_dir/realset/1/1_139_83_187.mrc,0
/your_dir/realset/19/1_94_584_171.mrc,5
/your_dir/realset/9/1_602_485_232.mrc,3
/your_dir/realset/7/1_518_433_311.mrc,2
/your_dir/realset/18/1_575_786_236.mrc,10
/your_dir/realset/3/1_300_138_214.mrc,1
/your_dir/realset/3/1_310_380_262.mrc,1
/your_dir/realset/20/1_119_567_116.mrc,6
/your_dir/realset/3/1_254_398_192.mrc,1
/your_dir/realset/1/1_175_17_178.mrc,0
/your_dir/realset/8/1_386_502_255.mrc,9
/your_dir/realset/3/1_128_472_286.mrc,1
/your_dir/realset/7/1_912_755_278.mrc,2
/your_dir/realset/3/1_290_384_188.mrc,1
/your_dir/realset/7/1_616_570_217.mrc,2
/your_dir/realset/16/1_512_622_268.mrc,4
/your_dir/realset/18/1_583_804_239.mrc,10
/your_dir/realset/16/1_531_119_149.mrc,4
/your_dir/realset/20/1_232_489_121.mrc,6
/your_dir/realset/9/1_351_493_220.mrc,3
/your_dir/realset/9/1_394_503_256.mrc,3
/your_dir/realset/16/1_424_538_203.mrc,4
/your_dir/realset/21/1_150_501_110.mrc,7
/your_dir/realset/20/1_534_31_116.mrc,6
/your_dir/realset/20/1_588_490_67.mrc,6
/your_dir/realset/18/1_575_799_269.mrc,10
/your_dir/realset/3/1_170_506_278.mrc,1
/your_dir/realset/1/1_232_132_264.mrc,0
/your_dir/realset/19/1_58_523_171.mrc,5
/your_dir/realset/3/1_110_262_282.mrc,1
/your_dir/realset/22/1_260_96_110.mrc,11
/your_dir/realset/18/1_571_777_324.mrc,10
/your_dir/realset/8/1_391_506_247.mrc,9
/your_dir/realset/3/1_198_896_178.mrc,1
/your_dir/realset/19/1_98_164_61.mrc,5
/your_dir/realset/8/1_387_524_244.mrc,9
/your_dir/realset/7/1_678_362_252.mrc,2
/your_dir/realset/23/1_76_270_105.mrc,8
/your_dir/realset/21/1_542_519_146.mrc,7
/your_dir/realset/3/1_338_362_238.mrc,1
/your_dir/realset/7/1_625_354_305.mrc,2
/your_dir/realset/16/1_537_78_139.mrc,4
/your_dir/realset/9/1_392_479_248.mrc,3
/your_dir/realset/20/1_440_264_155.mrc,6
/your_dir/realset/9/1_853_591_283.mrc,3
/your_dir/realset/1/1_181_69_154.mrc,0
/your_dir/realset/7/1_867_496_272.mrc,2
/your_dir/realset/23/1_486_122_106.mrc,8
/your_dir/realset/3/1_242_256_140.mrc,1
/your_dir/realset/22/1_154_467_88.mrc,11
/your_dir/realset/9/1_367_489_197.mrc,3
/your_dir/realset/8/1_393_512_248.mrc,9
/your_dir/realset/8/1_389_489_242.mrc,9
/your_dir/realset/20/1_247_248_27.mrc,6
/your_dir/realset/22/1_512_177_86.mrc,11
/your_dir/realset/22/1_507_505_49.mrc,11
/your_dir/realset/7/1_116_418_342.mrc,2
/your_dir/realset/19/1_33_338_48.mrc,5
/your_dir/realset/16/1_480_660_248.mrc,4
/your_dir/realset/16/1_467_569_191.mrc,4
/your_dir/realset/7/1_97_382_225.mrc,2
/your_dir/realset/21/1_272_393_137.mrc,7
/your_dir/realset/7/1_798_894_185.mrc,2
/your_dir/realset/3/1_102_298_218.mrc,1
/your_dir/realset/7/1_49_587_206.mrc,2
/your_dir/realset/21/1_500_424_95.mrc,7
/your_dir/realset/19/1_46_240_105.mrc,5
/your_dir/realset/19/1_33_233_117.mrc,5
/your_dir/realset/20/1_524_247_27.mrc,6
/your_dir/realset/22/1_291_541_124.mrc,11
/your_dir/realset/9/1_371_486_191.mrc,3
/your_dir/realset/20/1_403_565_87.mrc,6
/your_dir/realset/3/1_260_246_304.mrc,1
/your_dir/realset/7/1_908_120_257.mrc,2
/your_dir/realset/21/1_269_483_26.mrc,7
/your_dir/realset/21/1_353_374_76.mrc,7
/your_dir/realset/19/1_46_231_95.mrc,5
/your_dir/realset/3/1_280_250_202.mrc,1
/your_dir/realset/9/1_373_483_194.mrc,3
/your_dir/realset/16/1_472_62_199.mrc,4
/your_dir/realset/21/1_177_135_170.mrc,7
/your_dir/realset/20/1_165_357_146.mrc,6
/your_dir/realset/1/1_197_40_166.mrc,0
/your_dir/realset/7/1_168_651_311.mrc,2
/your_dir/realset/21/1_312_519_70.mrc,7
/your_dir/realset/19/1_39_241_92.mrc,5
/your_dir/realset/9/1_601_474_241.mrc,3
/your_dir/realset/21/1_341_150_103.mrc,7
/your_dir/realset/18/1_578_794_337.mrc,10
/your_dir/realset/9/1_869_588_274.mrc,3
/your_dir/realset/7/1_845_93_272.mrc,2
/your_dir/realset/1/1_190_118_159.mrc,0
/your_dir/realset/20/1_444_273_174.mrc,6
/your_dir/realset/3/1_104_798_254.mrc,1
/your_dir/realset/7/1_534_629_175.mrc,2
/your_dir/realset/19/1_32_51_159.mrc,5
/your_dir/realset/21/1_451_443_140.mrc,7
/your_dir/realset/21/1_558_531_113.mrc,7
/your_dir/realset/7/1_902_278_216.mrc,2
/your_dir/realset/9/1_401_500_257.mrc,3
/your_dir/realset/3/1_184_816_186.mrc,1
/your_dir/realset/18/1_577_776_285.mrc,10
/your_dir/realset/21/1_568_41_133.mrc,7
/your_dir/realset/21/1_157_123_119.mrc,7
/your_dir/realset/8/1_390_498_245.mrc,9
/your_dir/realset/1/1_175_42_169.mrc,0
/your_dir/realset/8/1_388_512_245.mrc,9
/your_dir/realset/22/1_238_430_162.mrc,11
/your_dir/realset/20/1_49_373_150.mrc,6
/your_dir/realset/7/1_795_967_286.mrc,2
/your_dir/realset/7/1_865_483_200.mrc,2
/your_dir/realset/1/1_152_113_165.mrc,0
/your_dir/realset/8/1_406_502_252.mrc,9
/your_dir/realset/3/1_106_368_188.mrc,1
/your_dir/realset/23/1_471_499_157.mrc,8
/your_dir/realset/23/1_579_76_87.mrc,8
/your_dir/realset/21/1_332_414_83.mrc,7
/your_dir/realset/20/1_509_452_59.mrc,6
/your_dir/realset/7/1_336_181_346.mrc,2
/your_dir/realset/8/1_405_520_251.mrc,9
/your_dir/realset/23/1_143_438_141.mrc,8
/your_dir/realset/16/1_502_635_261.mrc,4
/your_dir/realset/20/1_76_360_151.mrc,6
/your_dir/realset/1/1_246_97_164.mrc,0
/your_dir/realset/18/1_583_772_289.mrc,10
/your_dir/realset/20/1_374_374_56.mrc,6
/your_dir/realset/9/1_407_526_243.mrc,3
/your_dir/realset/20/1_42_398_130.mrc,6
/your_dir/realset/20/1_68_371_138.mrc,6
/your_dir/realset/16/1_479_551_200.mrc,4
/your_dir/realset/8/1_379_475_225.mrc,9
/your_dir/realset/19/1_64_479_69.mrc,5
/your_dir/realset/18/1_571_775_339.mrc,10
/your_dir/realset/7/1_772_451_194.mrc,2
/your_dir/realset/3/1_264_288_296.mrc,1
/your_dir/realset/1/1_191_117_176.mrc,0
/your_dir/realset/7/1_243_474_320.mrc,2
/your_dir/realset/16/1_448_500_220.mrc,4
/your_dir/realset/23/1_72_498_151.mrc,8
/your_dir/realset/19/1_93_39_28.mrc,5
/your_dir/realset/7/1_577_588_260.mrc,2
/your_dir/realset/1/1_169_37_193.mrc,0
/your_dir/realset/19/1_109_176_67.mrc,5
/your_dir/realset/3/1_96_506_148.mrc,1
/your_dir/realset/8/1_365_485_247.mrc,9
/your_dir/realset/8/1_398_512_257.mrc,9
/your_dir/realset/7/1_520_392_341.mrc,2
/your_dir/realset/7/1_366_276_341.mrc,2
/your_dir/realset/21/1_554_480_85.mrc,7
/your_dir/realset/21/1_165_496_116.mrc,7
/your_dir/realset/20/1_295_538_49.mrc,6
/your_dir/realset/21/1_497_420_73.mrc,7
/your_dir/realset/3/1_196_362_260.mrc,1
/your_dir/realset/1/1_209_147_229.mrc,0
/your_dir/realset/18/1_582_801_265.mrc,10
/your_dir/realset/23/1_111_199_93.mrc,8
/your_dir/realset/18/1_577_775_295.mrc,10
/your_dir/realset/1/1_277_186_227.mrc,0
/your_dir/realset/7/1_150_343_297.mrc,2
/your_dir/realset/22/1_319_456_127.mrc,11
/your_dir/realset/8/1_382_506_238.mrc,9
/your_dir/realset/22/1_305_518_174.mrc,11
/your_dir/realset/23/1_302_262_112.mrc,8
/your_dir/realset/8/1_392_479_248.mrc,9
/your_dir/realset/7/1_112_738_171.mrc,2
/your_dir/realset/3/1_208_298_124.mrc,1
/your_dir/realset/9/1_406_505_246.mrc,3
/your_dir/realset/7/1_449_442_319.mrc,2
/your_dir/realset/21/1_171_484_125.mrc,7
/your_dir/realset/23/1_371_398_52.mrc,8
/your_dir/realset/20/1_371_210_121.mrc,6
/your_dir/realset/16/1_584_36_142.mrc,4
/your_dir/realset/9/1_886_600_250.mrc,3
/your_dir/realset/9/1_382_513_245.mrc,3
/your_dir/realset/8/1_388_507_256.mrc,9
/your_dir/realset/7/1_867_457_241.mrc,2
/your_dir/realset/16/1_485_541_204.mrc,4
/your_dir/realset/7/1_71_766_203.mrc,2
/your_dir/realset/23/1_109_228_36.mrc,8
/your_dir/realset/3/1_110_542_282.mrc,1
/your_dir/realset/21/1_320_401_89.mrc,7
/your_dir/realset/21/1_356_571_20.mrc,7
/your_dir/realset/21/1_328_577_182.mrc,7
/your_dir/realset/22/1_42_140_136.mrc,11
/your_dir/realset/7/1_739_592_238.mrc,2
/your_dir/realset/21/1_281_473_27.mrc,7
/your_dir/realset/8/1_375_500_242.mrc,9
/your_dir/realset/9/1_380_499_238.mrc,3
/your_dir/realset/1/1_214_115_235.mrc,0
/your_dir/realset/19/1_47_52_157.mrc,5
/your_dir/realset/18/1_577_799_249.mrc,10
/your_dir/realset/22/1_99_400_121.mrc,11
/your_dir/realset/19/1_115_183_61.mrc,5
/your_dir/realset/3/1_302_188_318.mrc,1
/your_dir/realset/7/1_857_730_245.mrc,2
/your_dir/realset/9/1_377_479_227.mrc,3
/your_dir/realset/19/1_35_126_66.mrc,5
/your_dir/realset/3/1_94_380_290.mrc,1
/your_dir/realset/9/1_397_497_252.mrc,3
/your_dir/realset/7/1_591_777_164.mrc,2
/your_dir/realset/19/1_20_536_171.mrc,5
/your_dir/realset/23/1_229_124_94.mrc,8
/your_dir/realset/19/1_67_157_51.mrc,5
/your_dir/realset/19/1_35_546_29.mrc,5
/your_dir/realset/9/1_391_506_247.mrc,3
/your_dir/realset/20/1_440_493_127.mrc,6
/your_dir/realset/21/1_284_338_101.mrc,7
/your_dir/realset/20/1_520_519_86.mrc,6
/your_dir/realset/3/1_172_804_220.mrc,1
/your_dir/realset/7/1_204_297_290.mrc,2
/your_dir/realset/21/1_490_435_62.mrc,7
/your_dir/realset/3/1_140_518_276.mrc,1
/your_dir/realset/9/1_862_593_268.mrc,3
/your_dir/realset/16/1_449_692_230.mrc,4
/your_dir/realset/18/1_581_766_339.mrc,10
/your_dir/realset/3/1_202_468_198.mrc,1
/your_dir/realset/8/1_371_486_191.mrc,9
/your_dir/realset/20/1_41_24_45.mrc,6
/your_dir/realset/3/1_80_384_164.mrc,1
/your_dir/realset/9/1_852_610_267.mrc,3
/your_dir/realset/21/1_308_394_112.mrc,7
/your_dir/realset/16/1_457_584_186.mrc,4
/your_dir/realset/9/1_859_606_274.mrc,3
/your_dir/realset/22/1_541_211_127.mrc,11
/your_dir/realset/19/1_131_604_171.mrc,5
/your_dir/realset/3/1_278_372_272.mrc,1
/your_dir/realset/3/1_78_256_250.mrc,1
/your_dir/realset/20/1_449_419_71.mrc,6
/your_dir/realset/20/1_49_330_140.mrc,6
/your_dir/realset/20/1_384_396_68.mrc,6
/your_dir/realset/20/1_532_529_137.mrc,6
/your_dir/realset/19/1_27_525_179.mrc,5
/your_dir/realset/8/1_404_522_259.mrc,9
/your_dir/realset/16/1_394_586_182.mrc,4
/your_dir/realset/8/1_386_522_251.mrc,9
/your_dir/realset/20/1_586_251_37.mrc,6
/your_dir/realset/8/1_387_491_248.mrc,9
/your_dir/realset/21/1_333_570_160.mrc,7
/your_dir/realset/20/1_149_435_93.mrc,6
/your_dir/realset/19/1_83_74_155.mrc,5
/your_dir/realset/3/1_206_482_302.mrc,1
/your_dir/realset/8/1_373_496_243.mrc,9
/your_dir/realset/22/1_238_61_117.mrc,11
/your_dir/realset/9/1_388_512_245.mrc,3
/your_dir/realset/23/1_183_165_76.mrc,8
/your_dir/realset/9/1_402_511_251.mrc,3
/your_dir/realset/19/1_122_21_101.mrc,5
/your_dir/realset/22/1_200_84_126.mrc,11
/your_dir/realset/21/1_315_486_40.mrc,7
/your_dir/realset/8/1_368_488_201.mrc,9
/your_dir/realset/7/1_156_292_306.mrc,2
/your_dir/realset/18/1_571_794_261.mrc,10
/your_dir/realset/19/1_23_324_53.mrc,5
/your_dir/realset/1/1_238_31_218.mrc,0
/your_dir/realset/1/1_184_138_260.mrc,0
/your_dir/realset/7/1_171_187_334.mrc,2
/your_dir/realset/19/1_33_30_117.mrc,5
/your_dir/realset/20/1_356_404_170.mrc,6
/your_dir/realset/8/1_374_495_251.mrc,9
/your_dir/realset/7/1_156_156_298.mrc,2
/your_dir/realset/9/1_405_495_248.mrc,3
/your_dir/realset/19/1_129_171_74.mrc,5
/your_dir/realset/16/1_584_47_145.mrc,4
/your_dir/realset/20/1_602_505_79.mrc,6
/your_dir/realset/20/1_438_559_66.mrc,6
/your_dir/realset/19/1_115_20_23.mrc,5
/your_dir/realset/23/1_456_239_79.mrc,8
/your_dir/realset/21/1_151_488_122.mrc,7
/your_dir/realset/19/1_80_158_108.mrc,5
/your_dir/realset/8/1_385_508_251.mrc,9
/your_dir/realset/16/1_497_608_213.mrc,4
/your_dir/realset/7/1_360_553_285.mrc,2
/your_dir/realset/20/1_150_492_162.mrc,6
/your_dir/realset/23/1_518_186_109.mrc,8
/your_dir/realset/1/1_143_46_201.mrc,0
/your_dir/realset/1/1_269_20_244.mrc,0
/your_dir/realset/19/1_94_23_30.mrc,5
/your_dir/realset/1/1_144_120_266.mrc,0
/your_dir/realset/21/1_564_475_82.mrc,7
/your_dir/realset/9/1_600_482_242.mrc,3
/your_dir/realset/19/1_22_519_179.mrc,5
/your_dir/realset/1/1_179_73_260.mrc,0
/your_dir/realset/23/1_413_274_58.mrc,8
/your_dir/realset/9/1_869_586_268.mrc,3
/your_dir/realset/3/1_104_542_152.mrc,1
/your_dir/realset/22/1_491_516_69.mrc,11
/your_dir/realset/7/1_393_70_249.mrc,2
/your_dir/realset/3/1_272_182_232.mrc,1
/your_dir/realset/1/1_260_108_203.mrc,0
/your_dir/realset/21/1_351_137_97.mrc,7
/your_dir/realset/16/1_584_24_139.mrc,4
/your_dir/realset/7/1_66_949_223.mrc,2
/your_dir/realset/9/1_381_488_251.mrc,3
/your_dir/realset/16/1_500_604_215.mrc,4
/your_dir/realset/9/1_401_517_257.mrc,3
/your_dir/realset/20/1_608_79_53.mrc,6
/your_dir/realset/21/1_518_447_35.mrc,7
/your_dir/realset/16/1_427_534_205.mrc,4
/your_dir/realset/22/1_508_216_120.mrc,11
/your_dir/realset/21/1_305_525_57.mrc,7
/your_dir/realset/19/1_58_155_43.mrc,5
/your_dir/realset/9/1_870_594_276.mrc,3
/your_dir/realset/23/1_216_140_164.mrc,8
/your_dir/realset/7/1_98_617_278.mrc,2
/your_dir/realset/23/1_467_182_145.mrc,8
/your_dir/realset/21/1_485_408_83.mrc,7
/your_dir/realset/1/1_114_95_174.mrc,0
/your_dir/realset/16/1_583_65_150.mrc,4
/your_dir/realset/7/1_100_343_308.mrc,2
/your_dir/realset/1/1_126_106_268.mrc,0
/your_dir/realset/1/1_153_35_165.mrc,0
/your_dir/realset/19/1_85_595_182.mrc,5
/your_dir/realset/20/1_115_545_112.mrc,6
/your_dir/realset/20/1_258_235_36.mrc,6
/your_dir/realset/7/1_162_285_215.mrc,2
/your_dir/realset/1/1_284_40_217.mrc,0
/your_dir/realset/23/1_419_216_54.mrc,8
/your_dir/realset/21/1_162_367_59.mrc,7
/your_dir/realset/19/1_37_36_96.mrc,5
/your_dir/realset/20/1_491_431_42.mrc,6
/your_dir/realset/3/1_314_352_200.mrc,1
/your_dir/realset/16/1_476_664_245.mrc,4
/your_dir/realset/9/1_379_486_240.mrc,3
/your_dir/realset/18/1_584_773_285.mrc,10
/your_dir/realset/20/1_157_510_155.mrc,6
/your_dir/realset/16/1_490_618_209.mrc,4
/your_dir/realset/21/1_393_67_92.mrc,7
/your_dir/realset/9/1_414_514_241.mrc,3
/your_dir/realset/9/1_379_475_225.mrc,3
/your_dir/realset/18/1_575_786_232.mrc,10
/your_dir/realset/23/1_471_590_143.mrc,8
/your_dir/realset/3/1_184_406_144.mrc,1
/your_dir/realset/23/1_119_202_76.mrc,8
/your_dir/realset/8/1_388_520_254.mrc,9
/your_dir/realset/23/1_374_560_142.mrc,8
/your_dir/realset/19/1_25_25_104.mrc,5
/your_dir/realset/16/1_537_72_137.mrc,4
/your_dir/realset/1/1_146_41_259.mrc,0
/your_dir/realset/3/1_156_366_210.mrc,1
/your_dir/realset/9/1_387_491_248.mrc,3
/your_dir/realset/1/1_284_196_250.mrc,0
/your_dir/realset/3/1_324_808_244.mrc,1
/your_dir/realset/18/1_570_793_274.mrc,10
/your_dir/realset/22/1_294_101_90.mrc,11
/your_dir/realset/7/1_460_350_215.mrc,2
/your_dir/realset/21/1_149_523_126.mrc,7
/your_dir/realset/20/1_200_487_94.mrc,6
/your_dir/realset/3/1_134_382_294.mrc,1
/your_dir/realset/3/1_64_486_206.mrc,1
/your_dir/realset/7/1_114_691_252.mrc,2
/your_dir/realset/16/1_409_562_193.mrc,4
/your_dir/realset/21/1_155_114_153.mrc,7
/your_dir/realset/8/1_404_529_256.mrc,9
/your_dir/realset/1/1_274_21_139.mrc,0
/your_dir/realset/9/1_389_511_257.mrc,3
/your_dir/realset/19/1_89_162_52.mrc,5
/your_dir/realset/3/1_110_574_164.mrc,1
/your_dir/realset/16/1_510_590_221.mrc,4
/your_dir/realset/1/1_197_96_161.mrc,0
/your_dir/realset/9/1_379_483_247.mrc,3
/your_dir/realset/23/1_258_159_65.mrc,8
/your_dir/realset/8/1_373_491_248.mrc,9
/your_dir/realset/7/1_733_868_241.mrc,2
/your_dir/realset/7/1_423_639_182.mrc,2
/your_dir/realset/7/1_460_277_249.mrc,2
/your_dir/realset/23/1_385_473_115.mrc,8
/your_dir/realset/23/1_123_283_51.mrc,8
/your_dir/realset/3/1_174_426_288.mrc,1
/your_dir/realset/20/1_474_458_123.mrc,6
/your_dir/realset/8/1_351_493_220.mrc,9
/your_dir/realset/7/1_218_242_260.mrc,2
/your_dir/realset/8/1_397_497_252.mrc,9
/your_dir/realset/3/1_256_400_226.mrc,1
/your_dir/realset/21/1_601_588_123.mrc,7
/your_dir/realset/7/1_703_672_234.mrc,2
/your_dir/realset/19/1_21_550_54.mrc,5
/your_dir/realset/1/1_221_149_203.mrc,0
/your_dir/realset/1/1_178_66_231.mrc,0
/your_dir/realset/23/1_296_553_49.mrc,8
/your_dir/realset/9/1_415_516_252.mrc,3
/your_dir/realset/23/1_400_220_60.mrc,8
/your_dir/realset/18/1_575_772_324.mrc,10
/your_dir/realset/19/1_28_218_123.mrc,5
/your_dir/realset/21/1_257_542_37.mrc,7
/your_dir/realset/7/1_316_666_227.mrc,2
/your_dir/realset/7/1_139_694_292.mrc,2
/your_dir/realset/23/1_47_143_56.mrc,8
/your_dir/realset/16/1_585_18_137.mrc,4
/your_dir/realset/16/1_480_632_204.mrc,4
/your_dir/realset/3/1_130_212_318.mrc,1
/your_dir/realset/19/1_123_200_100.mrc,5
/your_dir/realset/1/1_140_107_193.mrc,0
/your_dir/realset/19/1_28_539_149.mrc,5
/your_dir/realset/18/1_584_775_261.mrc,10
/your_dir/realset/23/1_527_532_53.mrc,8
/your_dir/realset/16/1_534_96_143.mrc,4
/your_dir/realset/19/1_129_154_72.mrc,5
/your_dir/realset/21/1_323_402_121.mrc,7
/your_dir/realset/9/1_374_508_246.mrc,3
/your_dir/realset/23/1_361_263_95.mrc,8
/your_dir/realset/7/1_891_349_242.mrc,2
/your_dir/realset/1/1_259_153_266.mrc,0
/your_dir/realset/1/1_203_70_198.mrc,0
/your_dir/realset/3/1_210_416_176.mrc,1
/your_dir/realset/20/1_238_471_82.mrc,6
/your_dir/realset/7/1_555_376_331.mrc,2
/your_dir/realset/7/1_910_539_212.mrc,2
/your_dir/realset/1/1_207_104_213.mrc,0
/your_dir/realset/16/1_487_651_252.mrc,4
/your_dir/realset/1/1_261_95_262.mrc,0
/your_dir/realset/7/1_521_413_266.mrc,2
/your_dir/realset/1/1_278_82_167.mrc,0
/your_dir/realset/21/1_552_397_92.mrc,7
/your_dir/realset/23/1_407_183_124.mrc,8
/your_dir/realset/19/1_54_528_166.mrc,5
/your_dir/realset/22/1_300_261_55.mrc,11
/your_dir/realset/9/1_856_598_276.mrc,3
/your_dir/realset/21/1_369_88_114.mrc,7
/your_dir/realset/9/1_374_490_191.mrc,3
/your_dir/realset/7/1_600_373_289.mrc,2
/your_dir/realset/9/1_368_488_201.mrc,3
/your_dir/realset/7/1_193_480_233.mrc,2
/your_dir/realset/7/1_69_662_306.mrc,2
/your_dir/realset/1/1_230_77_177.mrc,0
/your_dir/realset/21/1_267_511_17.mrc,7
/your_dir/realset/18/1_574_783_269.mrc,10
/your_dir/realset/8/1_398_496_259.mrc,9
/your_dir/realset/8/1_403_512_240.mrc,9
/your_dir/realset/7/1_187_173_312.mrc,2
/your_dir/realset/19/1_51_533_181.mrc,5
/your_dir/realset/19/1_23_310_52.mrc,5
/your_dir/realset/19/1_20_42_132.mrc,5
/your_dir/realset/7/1_67_832_237.mrc,2
/your_dir/realset/19/1_51_464_37.mrc,5
/your_dir/realset/7/1_106_288_275.mrc,2
/your_dir/realset/19/1_58_518_159.mrc,5
/your_dir/realset/22/1_78_527_146.mrc,11
/your_dir/realset/16/1_496_608_213.mrc,4
/your_dir/realset/7/1_615_716_310.mrc,2
/your_dir/realset/20/1_296_55_106.mrc,6
/your_dir/realset/3/1_140_396_196.mrc,1
/your_dir/realset/20/1_484_66_66.mrc,6
/your_dir/realset/19/1_126_164_79.mrc,5
/your_dir/realset/3/1_316_108_232.mrc,1
/your_dir/realset/3/1_124_510_310.mrc,1
/your_dir/realset/21/1_254_185_182.mrc,7
/your_dir/realset/3/1_98_620_248.mrc,1
/your_dir/realset/20/1_512_502_79.mrc,6
/your_dir/realset/9/1_387_524_244.mrc,3
/your_dir/realset/20/1_40_330_151.mrc,6
/your_dir/realset/19/1_66_486_38.mrc,5
/your_dir/realset/23/1_278_97_80.mrc,8
/your_dir/realset/18/1_575_771_331.mrc,10
/your_dir/realset/9/1_373_504_248.mrc,3
/your_dir/realset/19/1_126_173_85.mrc,5
/your_dir/realset/22/1_40_105_130.mrc,11
/your_dir/realset/22/1_148_479_64.mrc,11
/your_dir/realset/23/1_455_546_48.mrc,8
/your_dir/realset/18/1_583_805_226.mrc,10
/your_dir/realset/3/1_126_562_120.mrc,1
/your_dir/realset/16/1_581_94_158.mrc,4
/your_dir/realset/19/1_76_18_90.mrc,5
/your_dir/realset/1/1_237_31_208.mrc,0
/your_dir/realset/20/1_390_425_105.mrc,6
/your_dir/realset/3/1_210_276_300.mrc,1
/your_dir/realset/8/1_362_481_220.mrc,9
/your_dir/realset/1/1_167_31_250.mrc,0
/your_dir/realset/20/1_470_232_113.mrc,6
/your_dir/realset/18/1_577_799_240.mrc,10
/your_dir/realset/1/1_86_84_270.mrc,0
/your_dir/realset/9/1_876_591_267.mrc,3
/your_dir/realset/7/1_336_351_221.mrc,2
/your_dir/realset/19/1_42_29_100.mrc,5
/your_dir/realset/3/1_250_316_230.mrc,1
/your_dir/realset/21/1_434_469_116.mrc,7
/your_dir/realset/7/1_231_335_226.mrc,2
/your_dir/realset/16/1_582_76_153.mrc,4
/your_dir/realset/8/1_379_486_240.mrc,9
/your_dir/realset/20/1_97_552_119.mrc,6
/your_dir/realset/20/1_266_50_153.mrc,6
/your_dir/realset/16/1_538_61_134.mrc,4
/your_dir/realset/21/1_558_491_102.mrc,7
/your_dir/realset/21/1_330_406_99.mrc,7
/your_dir/realset/20/1_70_554_136.mrc,6
/your_dir/realset/21/1_351_154_107.mrc,7
/your_dir/realset/7/1_562_474_301.mrc,2
/your_dir/realset/18/1_579_797_320.mrc,10
/your_dir/realset/7/1_222_658_258.mrc,2
/your_dir/realset/21/1_262_535_25.mrc,7
/your_dir/realset/7/1_616_562_275.mrc,2
/your_dir/realset/7/1_519_446_281.mrc,2
/your_dir/realset/3/1_276_270_166.mrc,1
/your_dir/realset/22/1_160_329_71.mrc,11
/your_dir/realset/19/1_121_49_43.mrc,5
/your_dir/realset/20/1_436_477_144.mrc,6
/your_dir/realset/20/1_497_76_90.mrc,6
/your_dir/realset/7/1_908_84_299.mrc,2
/your_dir/realset/20/1_431_251_171.mrc,6
/your_dir/realset/23/1_76_148_96.mrc,8
/your_dir/realset/23/1_456_272_117.mrc,8
/your_dir/realset/7/1_923_437_285.mrc,2
/your_dir/realset/20/1_112_286_26.mrc,6
/your_dir/realset/7/1_819_291_301.mrc,2
/your_dir/realset/20/1_535_548_23.mrc,6
/your_dir/realset/9/1_388_507_242.mrc,3
/your_dir/realset/9/1_861_574_277.mrc,3
/your_dir/realset/20/1_593_228_50.mrc,6
/your_dir/realset/20/1_498_187_68.mrc,6
/your_dir/realset/7/1_445_395_315.mrc,2
/your_dir/realset/9/1_369_493_194.mrc,3
/your_dir/realset/20/1_153_484_137.mrc,6
/your_dir/realset/22/1_130_513_169.mrc,11
/your_dir/realset/21/1_142_485_130.mrc,7
/your_dir/realset/22/1_80_318_67.mrc,11
/your_dir/realset/3/1_138_410_144.mrc,1
/your_dir/realset/8/1_383_498_255.mrc,9
/your_dir/realset/20/1_596_546_123.mrc,6
/your_dir/realset/16/1_412_557_195.mrc,4
/your_dir/realset/21/1_179_321_22.mrc,7
/your_dir/realset/20/1_603_565_101.mrc,6
/your_dir/realset/18/1_571_776_329.mrc,10
/your_dir/realset/18/1_573_782_281.mrc,10
/your_dir/realset/7/1_77_451_209.mrc,2
/your_dir/realset/21/1_435_369_26.mrc,7
/your_dir/realset/7/1_272_444_224.mrc,2
/your_dir/realset/20/1_57_36_73.mrc,6
/your_dir/realset/7/1_304_277_328.mrc,2
/your_dir/realset/7/1_964_295_263.mrc,2
/your_dir/realset/19/1_49_133_64.mrc,5
/your_dir/realset/1/1_177_47_248.mrc,0
/your_dir/realset/7/1_700_233_254.mrc,2
/your_dir/realset/21/1_560_57_52.mrc,7
/your_dir/realset/9/1_386_502_255.mrc,3
/your_dir/realset/7/1_303_151_341.mrc,2
/your_dir/realset/8/1_391_531_250.mrc,9
/your_dir/realset/7/1_367_764_292.mrc,2
/your_dir/realset/7/1_403_617_286.mrc,2
/your_dir/realset/20/1_575_518_124.mrc,6
/your_dir/realset/7/1_801_535_281.mrc,2
/your_dir/realset/7/1_835_709_219.mrc,2
/your_dir/realset/19/1_100_176_120.mrc,5
/your_dir/realset/7/1_498_946_245.mrc,2
/your_dir/realset/3/1_312_86_268.mrc,1
/your_dir/realset/19/1_125_176_72.mrc,5
/your_dir/realset/21/1_572_500_115.mrc,7
/your_dir/realset/7/1_899_198_325.mrc,2
/your_dir/realset/20/1_549_566_19.mrc,6
/your_dir/realset/19/1_31_36_160.mrc,5
/your_dir/realset/16/1_442_509_216.mrc,4
/your_dir/realset/21/1_351_381_89.mrc,7
/your_dir/realset/20/1_284_534_77.mrc,6
/your_dir/realset/1/1_185_133_213.mrc,0
/your_dir/realset/20/1_276_64_111.mrc,6
/your_dir/realset/23/1_73_452_113.mrc,8
/your_dir/realset/20/1_168_449_86.mrc,6
/your_dir/realset/21/1_580_36_100.mrc,7
/your_dir/realset/16/1_491_647_254.mrc,4
/your_dir/realset/20/1_42_322_168.mrc,6
/your_dir/realset/1/1_111_81_226.mrc,0
/your_dir/realset/18/1_573_789_286.mrc,10
/your_dir/realset/3/1_314_164_240.mrc,1
/your_dir/realset/21/1_358_560_34.mrc,7
/your_dir/realset/20/1_451_281_149.mrc,6
/your_dir/realset/16/1_537_78_138.mrc,4
/your_dir/realset/9/1_418_524_249.mrc,3
/your_dir/realset/21/1_351_192_91.mrc,7
/your_dir/realset/21/1_177_129_155.mrc,7
/your_dir/realset/3/1_272_836_190.mrc,1
/your_dir/realset/19/1_139_131_36.mrc,5
/your_dir/realset/22/1_576_541_38.mrc,11
/your_dir/realset/1/1_250_114_261.mrc,0
/your_dir/realset/8/1_366_488_250.mrc,9
/your_dir/realset/21/1_406_374_34.mrc,7
/your_dir/realset/21/1_84_410_34.mrc,7
/your_dir/realset/7/1_344_69_315.mrc,2
/your_dir/realset/1/1_200_19_167.mrc,0
/your_dir/realset/3/1_108_850_264.mrc,1
/your_dir/realset/1/1_290_46_248.mrc,0
/your_dir/realset/8/1_373_504_248.mrc,9
/your_dir/realset/21/1_144_488_106.mrc,7
/your_dir/realset/19/1_79_160_52.mrc,5
/your_dir/realset/21/1_115_409_109.mrc,7
/your_dir/realset/20/1_45_23_61.mrc,6
/your_dir/realset/23/1_473_574_140.mrc,8
/your_dir/realset/20/1_480_124_120.mrc,6
/your_dir/realset/8/1_392_499_256.mrc,9
/your_dir/realset/8/1_387_502_242.mrc,9
/your_dir/realset/19/1_132_180_82.mrc,5
/your_dir/realset/21/1_161_114_136.mrc,7
/your_dir/realset/3/1_62_656_190.mrc,1
/your_dir/realset/22/1_229_376_45.mrc,11
/your_dir/realset/9/1_865_590_269.mrc,3
/your_dir/realset/7/1_959_584_233.mrc,2
/your_dir/realset/20/1_443_420_89.mrc,6
/your_dir/realset/7/1_158_902_283.mrc,2
/your_dir/realset/19/1_135_30_124.mrc,5
/your_dir/realset/7/1_638_399_255.mrc,2
/your_dir/realset/23/1_200_425_155.mrc,8
/your_dir/realset/20/1_119_135_149.mrc,6
/your_dir/realset/3/1_236_348_284.mrc,1
/your_dir/realset/7/1_401_569_256.mrc,2
/your_dir/realset/7/1_384_767_219.mrc,2
/your_dir/realset/22/1_598_526_27.mrc,11
/your_dir/realset/3/1_298_450_232.mrc,1
/your_dir/realset/19/1_30_196_139.mrc,5
/your_dir/realset/1/1_172_19_201.mrc,0
/your_dir/realset/18/1_572_796_250.mrc,10
/your_dir/realset/20/1_533_257_18.mrc,6
/your_dir/realset/23/1_455_132_35.mrc,8
/your_dir/realset/9/1_877_578_278.mrc,3
/your_dir/realset/3/1_312_388_300.mrc,1
/your_dir/realset/7/1_910_958_220.mrc,2
/your_dir/realset/7/1_475_823_299.mrc,2
/your_dir/realset/7/1_146_643_209.mrc,2
/your_dir/realset/8/1_389_521_248.mrc,9
/your_dir/realset/21/1_555_517_130.mrc,7
/your_dir/realset/19/1_146_50_121.mrc,5
/your_dir/realset/20/1_487_47_86.mrc,6
/your_dir/realset/3/1_92_440_318.mrc,1
/your_dir/realset/7/1_242_512_202.mrc,2
/your_dir/realset/21/1_557_478_69.mrc,7
/your_dir/realset/9/1_852_598_277.mrc,3
/your_dir/realset/19/1_139_33_98.mrc,5
/your_dir/realset/7/1_929_395_214.mrc,2
/your_dir/realset/1/1_216_132_252.mrc,0
/your_dir/realset/23/1_50_146_47.mrc,8
/your_dir/realset/22/1_138_544_151.mrc,11
/your_dir/realset/16/1_584_42_144.mrc,4
/your_dir/realset/1/1_187_96_258.mrc,0
/your_dir/realset/16/1_518_613_272.mrc,4
/your_dir/realset/8/1_368_494_245.mrc,9
/your_dir/realset/9/1_366_488_250.mrc,3
/your_dir/realset/7/1_392_183_340.mrc,2
/your_dir/realset/19/1_63_23_86.mrc,5
/your_dir/realset/20/1_417_276_170.mrc,6
/your_dir/realset/18/1_581_801_276.mrc,10
/your_dir/realset/3/1_86_312_142.mrc,1
/your_dir/realset/20/1_454_91_149.mrc,6
/your_dir/realset/19/1_29_46_142.mrc,5
/your_dir/realset/19/1_122_191_103.mrc,5
/your_dir/realset/7/1_835_893_283.mrc,2
/your_dir/realset/19/1_53_268_93.mrc,5
/your_dir/realset/9/1_880_576_271.mrc,3
/your_dir/realset/7/1_495_777_263.mrc,2
/your_dir/realset/9/1_855_595_270.mrc,3
/your_dir/realset/21/1_233_171_171.mrc,7
/your_dir/realset/16/1_515_617_270.mrc,4
/your_dir/realset/19/1_43_129_72.mrc,5
/your_dir/realset/20/1_542_244_30.mrc,6
/your_dir/realset/7/1_899_824_219.mrc,2
/your_dir/realset/9/1_380_496_241.mrc,3
/your_dir/realset/21/1_38_382_35.mrc,7
/your_dir/realset/23/1_533_64_142.mrc,8
/your_dir/realset/3/1_92_418_276.mrc,1
/your_dir/realset/21/1_151_514_105.mrc,7
/your_dir/realset/9/1_373_496_243.mrc,3
/your_dir/realset/7/1_386_329_344.mrc,2
/your_dir/realset/7/1_370_662_224.mrc,2
/your_dir/realset/19/1_39_344_51.mrc,5
/your_dir/realset/16/1_539_54_133.mrc,4
/your_dir/realset/7/1_399_532_295.mrc,2
/your_dir/realset/1/1_238_79_203.mrc,0
/your_dir/realset/1/1_130_110_258.mrc,0
/your_dir/realset/20/1_79_544_109.mrc,6
/your_dir/realset/19/1_70_156_41.mrc,5
/your_dir/realset/7/1_652_560_210.mrc,2
/your_dir/realset/22/1_460_509_48.mrc,11
/your_dir/realset/19/1_40_551_33.mrc,5
/your_dir/realset/23/1_306_560_50.mrc,8
/your_dir/realset/7/1_596_612_269.mrc,2
/your_dir/realset/21/1_572_57_114.mrc,7
/your_dir/realset/19/1_52_244_94.mrc,5
/your_dir/realset/18/1_577_777_274.mrc,10
/your_dir/realset/22/1_322_89_135.mrc,11
/your_dir/realset/18/1_574_788_281.mrc,10
/your_dir/realset/20/1_228_254_45.mrc,6
/your_dir/realset/3/1_148_342_290.mrc,1
/your_dir/realset/20/1_490_453_56.mrc,6
/your_dir/realset/21/1_339_369_69.mrc,7
/your_dir/realset/20/1_501_247_44.mrc,6
/your_dir/realset/16/1_433_524_209.mrc,4
/your_dir/realset/1/1_221_25_143.mrc,0
/your_dir/realset/3/1_310_320_198.mrc,1
/your_dir/realset/21/1_578_589_177.mrc,7
/your_dir/realset/3/1_258_246_154.mrc,1
/your_dir/realset/21/1_393_48_96.mrc,7
/your_dir/realset/3/1_106_350_132.mrc,1
/your_dir/realset/18/1_570_783_345.mrc,10
/your_dir/realset/23/1_152_486_154.mrc,8
/your_dir/realset/21/1_150_345_45.mrc,7
/your_dir/realset/23/1_263_282_152.mrc,8
/your_dir/realset/21/1_62_372_38.mrc,7
/your_dir/realset/20/1_429_582_88.mrc,6
/your_dir/realset/18/1_575_793_230.mrc,10
/your_dir/realset/19/1_133_169_88.mrc,5
/your_dir/realset/19/1_72_582_177.mrc,5
/your_dir/realset/1/1_234_24_174.mrc,0
/your_dir/realset/20/1_433_266_157.mrc,6
/your_dir/realset/8/1_394_503_256.mrc,9
/your_dir/realset/9/1_378_479_245.mrc,3
/your_dir/realset/1/1_202_153_240.mrc,0
/your_dir/realset/20/1_576_475_120.mrc,6
/your_dir/realset/21/1_158_332_49.mrc,7
/your_dir/realset/22/1_544_229_152.mrc,11
/your_dir/realset/3/1_68_460_156.mrc,1
/your_dir/realset/19/1_19_41_151.mrc,5
/your_dir/realset/20/1_148_441_71.mrc,6
/your_dir/realset/21/1_566_558_115.mrc,7
/your_dir/realset/20/1_535_198_41.mrc,6
/your_dir/realset/3/1_164_396_272.mrc,1
/your_dir/realset/20/1_562_553_25.mrc,6
/your_dir/realset/20/1_608_113_24.mrc,6
/your_dir/realset/16/1_503_599_217.mrc,4
/your_dir/realset/7/1_295_637_231.mrc,2
/your_dir/realset/20/1_426_420_73.mrc,6
/your_dir/realset/9/1_362_481_220.mrc,3
/your_dir/realset/20/1_21_316_140.mrc,6
/your_dir/realset/7/1_387_225_276.mrc,2
/your_dir/realset/21/1_165_391_59.mrc,7
/your_dir/realset/9/1_368_494_245.mrc,3
/your_dir/realset/21/1_176_154_146.mrc,7
/your_dir/realset/7/1_248_116_333.mrc,2
/your_dir/realset/20/1_518_255_49.mrc,6
/your_dir/realset/9/1_863_603_276.mrc,3
/your_dir/realset/23/1_486_185_40.mrc,8
/your_dir/realset/16/1_403_572_189.mrc,4
/your_dir/realset/19/1_32_540_177.mrc,5
/your_dir/realset/21/1_554_390_109.mrc,7
/your_dir/realset/16/1_487_622_208.mrc,4
/your_dir/realset/7/1_428_378_232.mrc,2
/your_dir/realset/19/1_30_212_132.mrc,5
/your_dir/realset/7/1_937_707_277.mrc,2
/your_dir/realset/21/1_320_131_104.mrc,7
/your_dir/realset/20/1_592_555_107.mrc,6
/your_dir/realset/7/1_543_670_316.mrc,2
/your_dir/realset/7/1_882_634_262.mrc,2
/your_dir/realset/21/1_557_532_163.mrc,7
/your_dir/realset/22/1_127_467_157.mrc,11
/your_dir/realset/19/1_107_26_40.mrc,5
/your_dir/realset/8/1_390_492_244.mrc,9
/your_dir/realset/7/1_966_789_231.mrc,2
/your_dir/realset/3/1_120_764_260.mrc,1
/your_dir/realset/7/1_901_559_235.mrc,2
/your_dir/realset/19/1_59_522_144.mrc,5
/your_dir/realset/9/1_373_491_248.mrc,3
/your_dir/realset/22/1_198_451_166.mrc,11
/your_dir/realset/18/1_575_800_259.mrc,10
/your_dir/realset/1/1_247_119_182.mrc,0
/your_dir/realset/9/1_386_522_251.mrc,3
/your_dir/realset/21/1_315_591_140.mrc,7
/your_dir/realset/7/1_348_148_217.mrc,2
/your_dir/realset/8/1_374_490_191.mrc,9
/your_dir/realset/3/1_106_604_144.mrc,1
/your_dir/realset/21/1_543_69_61.mrc,7
/your_dir/realset/19/1_81_174_113.mrc,5
/your_dir/realset/22/1_302_487_113.mrc,11
/your_dir/realset/7/1_917_349_265.mrc,2
/your_dir/realset/20/1_376_229_133.mrc,6
/your_dir/realset/1/1_240_29_194.mrc,0
/your_dir/realset/7/1_515_644_281.mrc,2
/your_dir/realset/20/1_511_35_107.mrc,6
/your_dir/realset/8/1_390_494_255.mrc,9
/your_dir/realset/22/1_601_334_37.mrc,11
/your_dir/realset/21/1_371_150_74.mrc,7
/your_dir/realset/9/1_382_509_243.mrc,3
/your_dir/realset/20/1_469_362_45.mrc,6
/your_dir/realset/7/1_969_418_226.mrc,2
/your_dir/realset/1/1_215_48_157.mrc,0
/your_dir/realset/23/1_386_336_39.mrc,8
/your_dir/realset/19/1_29_550_175.mrc,5
/your_dir/realset/1/1_76_75_193.mrc,0
/your_dir/realset/20/1_488_453_35.mrc,6
/your_dir/realset/3/1_124_400_170.mrc,1
/your_dir/realset/3/1_116_576_252.mrc,1
/your_dir/realset/7/1_319_397_235.mrc,2
/your_dir/realset/21/1_435_486_113.mrc,7
/your_dir/realset/23/1_384_511_115.mrc,8
/your_dir/realset/21/1_502_458_17.mrc,7
/your_dir/realset/8/1_383_499_248.mrc,9
/your_dir/realset/9/1_403_512_240.mrc,3
/your_dir/realset/21/1_329_159_110.mrc,7
/your_dir/realset/7/1_934_881_270.mrc,2
/your_dir/realset/19/1_118_187_77.mrc,5
/your_dir/realset/9/1_368_490_241.mrc,3
/your_dir/realset/1/1_240_100_203.mrc,0
/your_dir/realset/23/1_557_495_117.mrc,8
/your_dir/realset/21/1_132_514_106.mrc,7
/your_dir/realset/21/1_294_529_72.mrc,7
/your_dir/realset/19/1_41_187_140.mrc,5
/your_dir/realset/8/1_380_491_243.mrc,9
/your_dir/realset/20/1_421_253_146.mrc,6
/your_dir/realset/23/1_45_100_131.mrc,8
/your_dir/realset/8/1_388_516_246.mrc,9
/your_dir/realset/21/1_296_359_109.mrc,7
/your_dir/realset/21/1_369_71_108.mrc,7
/your_dir/realset/7/1_273_285_253.mrc,2
/your_dir/realset/9/1_885_589_269.mrc,3
/your_dir/realset/19/1_147_26_116.mrc,5
/your_dir/realset/7/1_936_807_227.mrc,2
/your_dir/realset/21/1_250_145_174.mrc,7
/your_dir/realset/23/1_35_317_150.mrc,8
/your_dir/realset/3/1_126_470_256.mrc,1
/your_dir/realset/9/1_886_592_273.mrc,3
/your_dir/realset/18/1_579_780_229.mrc,10
/your_dir/realset/20/1_177_343_141.mrc,6
/your_dir/realset/7/1_720_949_284.mrc,2
/your_dir/realset/7/1_789_616_280.mrc,2
/your_dir/realset/19/1_46_518_173.mrc,5
/your_dir/realset/8/1_380_494_248.mrc,9
/your_dir/realset/22/1_166_330_117.mrc,11
/your_dir/realset/9/1_849_604_277.mrc,3
/your_dir/realset/20/1_555_259_41.mrc,6
/your_dir/realset/19/1_57_17_98.mrc,5
/your_dir/realset/7/1_365_764_249.mrc,2
/your_dir/realset/23/1_321_310_50.mrc,8
/your_dir/realset/23/1_105_130_138.mrc,8
/your_dir/realset/9/1_381_518_245.mrc,3
/your_dir/realset/9/1_408_509_245.mrc,3
/your_dir/realset/9/1_373_512_248.mrc,3
/your_dir/realset/20/1_50_328_165.mrc,6
/your_dir/realset/21/1_358_563_60.mrc,7
/your_dir/realset/7/1_311_503_328.mrc,2
/your_dir/realset/22/1_183_65_137.mrc,11
/your_dir/realset/8/1_396_508_256.mrc,9
/your_dir/realset/22/1_287_502_96.mrc,11
/your_dir/realset/19/1_146_46_129.mrc,5
/your_dir/realset/18/1_577_799_245.mrc,10
/your_dir/realset/3/1_326_772_118.mrc,1
/your_dir/realset/16/1_468_672_241.mrc,4
/your_dir/realset/20/1_103_267_42.mrc,6
/your_dir/realset/20/1_33_33_78.mrc,6
/your_dir/realset/19/1_129_188_83.mrc,5
/your_dir/realset/7/1_382_112_330.mrc,2
/your_dir/realset/9/1_386_514_252.mrc,3
/your_dir/realset/1/1_255_100_233.mrc,0
/your_dir/realset/21/1_370_135_90.mrc,7
/your_dir/realset/16/1_508_626_265.mrc,4
/your_dir/realset/21/1_552_536_147.mrc,7
/your_dir/realset/19/1_27_219_115.mrc,5
/your_dir/realset/9/1_885_579_277.mrc,3
/your_dir/realset/23/1_351_199_143.mrc,8
/your_dir/realset/8/1_380_496_241.mrc,9
/your_dir/realset/9/1_412_507_255.mrc,3
/your_dir/realset/7/1_441_277_220.mrc,2
/your_dir/realset/19/1_51_33_90.mrc,5
/your_dir/realset/1/1_143_58_177.mrc,0
/your_dir/realset/7/1_453_795_264.mrc,2
/your_dir/realset/19/1_139_120_45.mrc,5
/your_dir/realset/21/1_60_396_45.mrc,7
/your_dir/realset/9/1_388_525_255.mrc,3
/your_dir/realset/20/1_292_49_169.mrc,6
/your_dir/realset/20/1_319_406_145.mrc,6
/your_dir/realset/18/1_573_789_333.mrc,10
/your_dir/realset/23/1_584_281_141.mrc,8
/your_dir/realset/21/1_533_401_102.mrc,7
/your_dir/realset/8/1_381_488_251.mrc,9
/your_dir/realset/20/1_129_550_133.mrc,6
/your_dir/realset/23/1_583_90_156.mrc,8
/your_dir/realset/1/1_254_180_258.mrc,0
/your_dir/realset/18/1_578_795_326.mrc,10
/your_dir/realset/7/1_199_377_311.mrc,2
/your_dir/realset/23/1_584_542_155.mrc,8
/your_dir/realset/20/1_38_304_128.mrc,6
/your_dir/realset/23/1_195_71_145.mrc,8
/your_dir/realset/18/1_578_779_256.mrc,10
/your_dir/realset/23/1_160_227_134.mrc,8
/your_dir/realset/18/1_573_782_288.mrc,10
/your_dir/realset/22/1_177_469_143.mrc,11
/your_dir/realset/20/1_31_411_121.mrc,6
/your_dir/realset/20/1_492_476_138.mrc,6
/your_dir/realset/7/1_812_657_313.mrc,2
/your_dir/realset/21/1_332_602_151.mrc,7
/your_dir/realset/1/1_86_46_204.mrc,0
/your_dir/realset/9/1_872_596_271.mrc,3
/your_dir/realset/21/1_581_61_91.mrc,7
/your_dir/realset/23/1_243_169_36.mrc,8
/your_dir/realset/9/1_390_492_244.mrc,3
/your_dir/realset/1/1_278_137_253.mrc,0
/your_dir/realset/20/1_19_30_68.mrc,6
/your_dir/realset/23/1_506_487_64.mrc,8
/your_dir/realset/20/1_354_362_183.mrc,6
/your_dir/realset/9/1_404_519_243.mrc,3
/your_dir/realset/21/1_158_150_170.mrc,7
/your_dir/realset/7/1_681_970_252.mrc,2
/your_dir/realset/19/1_32_527_141.mrc,5
/your_dir/realset/18/1_580_767_331.mrc,10
/your_dir/realset/21/1_541_374_96.mrc,7
/your_dir/realset/16/1_473_560_195.mrc,4
/your_dir/realset/7/1_324_321_203.mrc,2
/your_dir/realset/3/1_344_268_174.mrc,1
/your_dir/realset/16/1_453_688_233.mrc,4
/your_dir/realset/7/1_755_343_229.mrc,2
/your_dir/realset/1/1_268_68_228.mrc,0
/your_dir/realset/9/1_381_523_246.mrc,3
/your_dir/realset/16/1_482_546_202.mrc,4
/your_dir/realset/7/1_753_821_292.mrc,2
/your_dir/realset/23/1_52_542_109.mrc,8
/your_dir/realset/7/1_264_533_203.mrc,2
/your_dir/realset/21/1_326_150_95.mrc,7
/your_dir/realset/8/1_379_483_247.mrc,9
/your_dir/realset/7/1_85_834_270.mrc,2
/your_dir/realset/23/1_73_556_61.mrc,8
/your_dir/realset/23/1_419_408_141.mrc,8
/your_dir/realset/21/1_443_353_67.mrc,7
/your_dir/realset/23/1_369_462_164.mrc,8
/your_dir/realset/7/1_703_607_291.mrc,2
/your_dir/realset/7/1_942_236_252.mrc,2
/your_dir/realset/21/1_584_512_96.mrc,7
/your_dir/realset/7/1_798_483_197.mrc,2
/your_dir/realset/18/1_584_795_349.mrc,10
/your_dir/realset/1/1_236_78_167.mrc,0
/your_dir/realset/16/1_493_614_211.mrc,4
/your_dir/realset/20/1_149_374_152.mrc,6
/your_dir/realset/19/1_146_157_67.mrc,5
/your_dir/realset/22/1_226_122_91.mrc,11
/your_dir/realset/7/1_513_586_299.mrc,2
/your_dir/realset/1/1_214_23_202.mrc,0
/your_dir/realset/9/1_390_498_245.mrc,3
/your_dir/realset/20/1_481_450_91.mrc,6
/your_dir/realset/20/1_225_478_110.mrc,6
/your_dir/realset/9/1_409_522_240.mrc,3
/your_dir/realset/7/1_136_522_242.mrc,2
/your_dir/realset/16/1_466_650_197.mrc,4
/your_dir/realset/7/1_199_473_267.mrc,2
/your_dir/realset/1/1_181_22_247.mrc,0
/your_dir/realset/19/1_27_43_156.mrc,5
/your_dir/realset/18/1_574_792_320.mrc,10
/your_dir/realset/18/1_576_796_280.mrc,10
/your_dir/realset/16/1_540_37_128.mrc,4
/your_dir/realset/19/1_133_27_36.mrc,5
/your_dir/realset/18/1_571_784_320.mrc,10
/your_dir/realset/23/1_341_195_142.mrc,8
/your_dir/realset/20/1_323_381_166.mrc,6
/your_dir/realset/1/1_267_99_163.mrc,0
/your_dir/realset/7/1_791_95_267.mrc,2
/your_dir/realset/9/1_384_505_249.mrc,3
/your_dir/realset/22/1_471_102_116.mrc,11
/your_dir/realset/21/1_269_167_173.mrc,7
/your_dir/realset/8/1_373_483_194.mrc,9
/your_dir/realset/16/1_535_90_141.mrc,4
/your_dir/realset/18/1_575_770_342.mrc,10
/your_dir/realset/3/1_178_418_212.mrc,1
/your_dir/realset/9/1_374_495_251.mrc,3
/your_dir/realset/19/1_21_552_143.mrc,5
/your_dir/realset/19/1_56_243_80.mrc,5
/your_dir/realset/9/1_884_585_269.mrc,3
/your_dir/realset/7/1_661_479_224.mrc,2
/your_dir/realset/16/1_540_43_130.mrc,4
/your_dir/realset/21/1_605_605_145.mrc,7
/your_dir/realset/21/1_366_377_66.mrc,7
/your_dir/realset/21/1_374_398_78.mrc,7
/your_dir/realset/16/1_470_564_193.mrc,4
/your_dir/realset/20/1_588_519_107.mrc,6
/your_dir/realset/19/1_27_108_43.mrc,5
/your_dir/realset/7/1_280_935_171.mrc,2
/your_dir/realset/1/1_168_123_222.mrc,0
/your_dir/realset/7/1_876_556_191.mrc,2
/your_dir/realset/19/1_139_144_36.mrc,5
/your_dir/realset/21/1_584_573_173.mrc,7
/your_dir/realset/21/1_173_158_169.mrc,7
/your_dir/realset/18/1_582_803_248.mrc,10
/your_dir/realset/7/1_244_672_271.mrc,2
/your_dir/realset/20/1_539_473_148.mrc,6
/your_dir/realset/8/1_402_511_251.mrc,9
/your_dir/realset/8/1_388_520_242.mrc,9
/your_dir/realset/16/1_430_529_207.mrc,4
/your_dir/realset/9/1_867_603_269.mrc,3
/your_dir/realset/19/1_82_576_166.mrc,5
/your_dir/realset/22/1_85_576_144.mrc,11
/your_dir/realset/8/1_366_485_218.mrc,9
/your_dir/realset/9/1_408_513_244.mrc,3
/your_dir/realset/19/1_100_176_59.mrc,5
/your_dir/realset/20/1_52_335_157.mrc,6
/your_dir/realset/7/1_105_722_270.mrc,2
/your_dir/realset/19/1_40_530_184.mrc,5
/your_dir/realset/20/1_62_398_135.mrc,6
/your_dir/realset/19/1_124_609_175.mrc,5
/your_dir/realset/20/1_402_405_94.mrc,6
/your_dir/realset/20/1_437_603_79.mrc,6
/your_dir/realset/22/1_55_573_151.mrc,11
/your_dir/realset/16/1_483_656_250.mrc,4
/your_dir/realset/16/1_536_84_140.mrc,4
/your_dir/realset/7/1_95_843_238.mrc,2
/your_dir/realset/19/1_31_122_58.mrc,5
/your_dir/realset/8/1_403_504_257.mrc,9
/your_dir/realset/9/1_391_531_250.mrc,3
/your_dir/realset/7/1_769_492_275.mrc,2
/your_dir/realset/23/1_141_79_126.mrc,8
/your_dir/realset/1/1_170_87_275.mrc,0
/your_dir/realset/21/1_340_585_134.mrc,7
/your_dir/realset/22/1_163_476_170.mrc,11
/your_dir/realset/20/1_343_376_184.mrc,6
/your_dir/realset/20/1_593_513_87.mrc,6
/your_dir/realset/7/1_877_964_289.mrc,2
/your_dir/realset/20/1_62_321_147.mrc,6
/your_dir/realset/20/1_519_278_16.mrc,6
/your_dir/realset/1/1_199_135_200.mrc,0
/your_dir/realset/7/1_140_716_271.mrc,2
/your_dir/realset/21/1_333_392_78.mrc,7
/your_dir/realset/23/1_255_550_109.mrc,8
/your_dir/realset/9/1_853_603_276.mrc,3
/your_dir/realset/19/1_29_231_104.mrc,5
/your_dir/realset/1/1_240_118_224.mrc,0
/your_dir/realset/21/1_286_116_142.mrc,7
/your_dir/realset/19/1_131_179_109.mrc,5
/your_dir/realset/23/1_54_227_133.mrc,8
/your_dir/realset/18/1_582_803_252.mrc,10
/your_dir/realset/9/1_859_595_277.mrc,3
/your_dir/realset/21/1_139_512_124.mrc,7
/your_dir/realset/7/1_245_926_237.mrc,2
/your_dir/realset/7/1_267_284_197.mrc,2
/your_dir/realset/3/1_96_618_268.mrc,1
/your_dir/realset/20/1_220_468_124.mrc,6
/your_dir/realset/21/1_566_472_101.mrc,7
/your_dir/realset/22/1_117_514_55.mrc,11
/your_dir/realset/20/1_142_373_169.mrc,6
/your_dir/realset/7/1_763_500_219.mrc,2
/your_dir/realset/7/1_239_166_257.mrc,2
/your_dir/realset/20/1_36_315_141.mrc,6
/your_dir/realset/20/1_119_381_174.mrc,6
/your_dir/realset/19/1_41_334_51.mrc,5
/your_dir/realset/20/1_476_115_135.mrc,6
/your_dir/realset/20/1_548_231_58.mrc,6
/your_dir/realset/3/1_58_282_272.mrc,1
/your_dir/realset/1/1_244_67_218.mrc,0
/your_dir/realset/22/1_566_279_94.mrc,11
/your_dir/realset/20/1_368_382_160.mrc,6
/your_dir/realset/3/1_108_544_248.mrc,1
/your_dir/realset/9/1_385_508_251.mrc,3
/your_dir/realset/7/1_860_603_273.mrc,2
/your_dir/realset/7/1_830_258_303.mrc,2
/your_dir/realset/19/1_55_140_50.mrc,5
/your_dir/realset/20/1_104_130_131.mrc,6
/your_dir/realset/9/1_393_512_248.mrc,3
/your_dir/realset/19/1_72_487_27.mrc,5
/your_dir/realset/20/1_451_75_166.mrc,6
/your_dir/realset/23/1_124_375_77.mrc,8
/your_dir/realset/23/1_367_245_166.mrc,8
/your_dir/realset/7/1_875_348_301.mrc,2
/your_dir/realset/3/1_296_476_312.mrc,1
/your_dir/realset/19/1_128_26_134.mrc,5
/your_dir/realset/1/1_158_50_225.mrc,0
/your_dir/realset/19/1_132_63_47.mrc,5
/your_dir/realset/16/1_532_107_145.mrc,4
/your_dir/realset/7/1_375_924_260.mrc,2
/your_dir/realset/19/1_30_520_184.mrc,5
/your_dir/realset/20/1_64_388_148.mrc,6
/your_dir/realset/7/1_558_252_249.mrc,2
/your_dir/realset/18/1_578_780_240.mrc,10
/your_dir/realset/23/1_214_47_103.mrc,8
/your_dir/realset/23/1_235_317_159.mrc,8
/your_dir/realset/20/1_111_310_113.mrc,6
/your_dir/realset/8/1_380_499_238.mrc,9
/your_dir/realset/21/1_567_522_137.mrc,7
/your_dir/realset/3/1_248_390_150.mrc,1
/your_dir/realset/22/1_583_319_108.mrc,11
/your_dir/realset/7/1_842_609_204.mrc,2
/your_dir/realset/3/1_190_328_128.mrc,1
/your_dir/realset/20/1_524_525_108.mrc,6
/your_dir/realset/9/1_398_496_259.mrc,3
/your_dir/realset/20/1_504_255_24.mrc,6
/your_dir/realset/20/1_282_59_120.mrc,6
/your_dir/realset/20/1_200_469_117.mrc,6
/your_dir/realset/18/1_583_771_297.mrc,10
/your_dir/realset/8/1_377_479_227.mrc,9
/your_dir/realset/7/1_191_880_247.mrc,2
/your_dir/realset/7/1_442_623_213.mrc,2
/your_dir/realset/18/1_574_788_276.mrc,10
/your_dir/realset/20/1_115_150_116.mrc,6
/your_dir/realset/1/1_271_162_228.mrc,0
/your_dir/realset/20/1_459_295_122.mrc,6
/your_dir/realset/21/1_435_42_78.mrc,7
/your_dir/realset/23/1_236_576_112.mrc,8
/your_dir/realset/16/1_477_636_203.mrc,4
/your_dir/realset/8/1_362_479_228.mrc,9
/your_dir/realset/3/1_124_482_154.mrc,1
/your_dir/realset/9/1_860_589_274.mrc,3
/your_dir/realset/19/1_130_202_115.mrc,5
/your_dir/realset/21/1_359_100_103.mrc,7
/your_dir/realset/7/1_229_480_243.mrc,2
/your_dir/realset/20/1_332_387_135.mrc,6
/your_dir/realset/18/1_571_794_267.mrc,10
/your_dir/realset/7/1_297_83_295.mrc,2
/your_dir/realset/7/1_636_587_300.mrc,2
/your_dir/realset/21/1_441_423_120.mrc,7
/your_dir/realset/3/1_324_754_152.mrc,1
/your_dir/realset/20/1_603_520_100.mrc,6
/your_dir/realset/20/1_538_587_113.mrc,6
/your_dir/realset/1/1_184_49_263.mrc,0
/your_dir/realset/1/1_175_45_241.mrc,0
/your_dir/realset/18/1_579_781_223.mrc,10
/your_dir/realset/20/1_32_347_146.mrc,6
/your_dir/realset/16/1_476_555_198.mrc,4
/your_dir/realset/1/1_180_100_174.mrc,0
/your_dir/realset/19/1_41_268_83.mrc,5
/your_dir/realset/3/1_178_328_258.mrc,1
/your_dir/realset/7/1_895_395_223.mrc,2
/your_dir/realset/1/1_221_78_217.mrc,0
/your_dir/realset/7/1_438_729_272.mrc,2
/your_dir/realset/22/1_460_128_107.mrc,11
/your_dir/realset/7/1_524_215_291.mrc,2
/your_dir/realset/8/1_388_502_230.mrc,9
/your_dir/realset/19/1_119_40_135.mrc,5
/your_dir/realset/16/1_400_577_187.mrc,4
/your_dir/realset/7/1_342_618_297.mrc,2
/your_dir/realset/7/1_604_431_322.mrc,2
/your_dir/realset/1/1_282_163_262.mrc,0
/your_dir/realset/7/1_355_961_248.mrc,2
/your_dir/realset/7/1_380_299_243.mrc,2
/your_dir/realset/18/1_575_793_236.mrc,10
/your_dir/realset/20/1_124_315_89.mrc,6
/your_dir/realset/7/1_608_683_259.mrc,2
/your_dir/realset/9/1_389_505_238.mrc,3
/your_dir/realset/1/1_224_153_257.mrc,0
/your_dir/realset/22/1_569_588_34.mrc,11
/your_dir/realset/16/1_471_68_201.mrc,4
/your_dir/realset/16/1_449_692_231.mrc,4
/your_dir/realset/18/1_571_785_328.mrc,10
/your_dir/realset/1/1_271_189_266.mrc,0
/your_dir/realset/22/1_187_95_96.mrc,11
/your_dir/realset/7/1_612_695_202.mrc,2
/your_dir/realset/20/1_208_482_113.mrc,6
/your_dir/realset/20/1_136_505_134.mrc,6
/your_dir/realset/9/1_365_485_247.mrc,3
/your_dir/realset/20/1_382_386_30.mrc,6
/your_dir/realset/3/1_122_572_202.mrc,1
/your_dir/realset/21/1_268_346_109.mrc,7
/your_dir/realset/23/1_88_73_124.mrc,8
/your_dir/realset/7/1_240_922_188.mrc,2
/your_dir/realset/18/1_578_801_225.mrc,10
/your_dir/realset/21/1_431_53_94.mrc,7
/your_dir/realset/7/1_219_358_206.mrc,2
/your_dir/realset/8/1_389_505_238.mrc,9
/your_dir/realset/22/1_64_401_118.mrc,11
/your_dir/realset/16/1_494_643_257.mrc,4
/your_dir/realset/20/1_114_296_76.mrc,6
/your_dir/realset/20/1_603_258_57.mrc,6
/your_dir/realset/7/1_660_269_266.mrc,2
/your_dir/realset/23/1_51_473_77.mrc,8
/your_dir/realset/8/1_403_515_251.mrc,9
/your_dir/realset/18/1_583_774_268.mrc,10
/your_dir/realset/22/1_218_86_101.mrc,11
/your_dir/realset/3/1_62_238_304.mrc,1
/your_dir/realset/18/1_574_783_273.mrc,10
/your_dir/realset/7/1_327_916_247.mrc,2
/your_dir/realset/21/1_133_526_101.mrc,7
/your_dir/realset/21/1_404_69_78.mrc,7
/your_dir/realset/9/1_406_502_252.mrc,3
/your_dir/realset/7/1_931_188_323.mrc,2
/your_dir/realset/16/1_533_102_144.mrc,4
/your_dir/realset/7/1_924_522_232.mrc,2
/your_dir/realset/1/1_270_159_208.mrc,0
/your_dir/realset/18/1_582_802_259.mrc,10
/your_dir/realset/3/1_250_342_312.mrc,1
/your_dir/realset/16/1_506_594_219.mrc,4
/your_dir/realset/21/1_156_500_142.mrc,7
/your_dir/realset/18/1_576_786_224.mrc,10
/your_dir/realset/7/1_921_790_205.mrc,2
/your_dir/realset/20/1_75_152_168.mrc,6
/your_dir/realset/1/1_135_110_242.mrc,0
/your_dir/realset/7/1_579_352_240.mrc,2
/your_dir/realset/1/1_173_43_161.mrc,0
/your_dir/realset/9/1_366_485_218.mrc,3
/your_dir/realset/18/1_576_787_218.mrc,10
/your_dir/realset/23/1_278_384_125.mrc,8
/your_dir/realset/19/1_30_119_69.mrc,5
/your_dir/realset/16/1_480_660_247.mrc,4
/your_dir/realset/7/1_472_269_207.mrc,2
/your_dir/realset/21/1_548_378_77.mrc,7
/your_dir/realset/8/1_399_502_252.mrc,9
/your_dir/realset/9/1_388_520_242.mrc,3
/your_dir/realset/18/1_579_779_247.mrc,10
/your_dir/realset/23/1_223_466_160.mrc,8
/your_dir/realset/7/1_187_877_208.mrc,2
/your_dir/realset/7/1_792_288_256.mrc,2
/your_dir/realset/9/1_857_599_282.mrc,3
/your_dir/realset/7/1_66_618_272.mrc,2
/your_dir/realset/23/1_450_537_96.mrc,8
/your_dir/realset/9/1_407_500_247.mrc,3
/your_dir/realset/22/1_291_431_97.mrc,11
/your_dir/realset/9/1_362_479_228.mrc,3
/your_dir/realset/18/1_578_794_344.mrc,10
/your_dir/realset/7/1_977_811_250.mrc,2
/your_dir/realset/20/1_426_575_60.mrc,6
/your_dir/realset/20/1_443_239_161.mrc,6
/your_dir/realset/23/1_94_206_76.mrc,8
/your_dir/realset/16/1_494_643_256.mrc,4
/your_dir/realset/9/1_388_516_246.mrc,3
/your_dir/realset/16/1_493_613_211.mrc,4
/your_dir/realset/7/1_249_650_233.mrc,2
/your_dir/realset/1/1_155_115_204.mrc,0
/your_dir/realset/7/1_276_653_255.mrc,2
/your_dir/realset/22/1_195_130_100.mrc,11
/your_dir/realset/21/1_514_431_33.mrc,7
/your_dir/realset/21/1_190_144_158.mrc,7
/your_dir/realset/7/1_153_884_257.mrc,2
/your_dir/realset/7/1_497_431_242.mrc,2
/your_dir/realset/21/1_310_379_116.mrc,7
/your_dir/realset/19/1_87_175_124.mrc,5
/your_dir/realset/16/1_530_125_150.mrc,4
/your_dir/realset/19/1_38_119_61.mrc,5
/your_dir/realset/9/1_404_522_259.mrc,3
/your_dir/realset/22/1_154_61_147.mrc,11
/your_dir/realset/16/1_533_102_143.mrc,4
/your_dir/realset/1/1_164_63_212.mrc,0
/your_dir/realset/21/1_543_536_135.mrc,7
/your_dir/realset/19/1_104_28_20.mrc,5
/your_dir/realset/23/1_303_194_74.mrc,8
/your_dir/realset/7/1_444_682_253.mrc,2
/your_dir/realset/20/1_125_530_131.mrc,6
/your_dir/realset/1/1_131_102_169.mrc,0
/your_dir/realset/18/1_575_791_250.mrc,10
/your_dir/realset/23/1_202_220_77.mrc,8
/your_dir/realset/19/1_90_162_63.mrc,5
/your_dir/realset/23/1_437_228_105.mrc,8
/your_dir/realset/16/1_540_43_129.mrc,4
/your_dir/realset/18/1_578_778_265.mrc,10
/your_dir/realset/19/1_21_543_157.mrc,5
/your_dir/realset/18/1_577_798_263.mrc,10
/your_dir/realset/21/1_349_568_138.mrc,7
/your_dir/realset/23/1_128_443_169.mrc,8
/your_dir/realset/22/1_137_580_157.mrc,11
/your_dir/realset/9/1_865_598_275.mrc,3
/your_dir/realset/21/1_536_463_87.mrc,7
/your_dir/realset/19/1_39_57_147.mrc,5
/your_dir/realset/18/1_582_805_234.mrc,10
/your_dir/realset/9/1_866_591_274.mrc,3
/your_dir/realset/7/1_173_380_262.mrc,2
/your_dir/realset/21/1_440_363_50.mrc,7
/your_dir/realset/20/1_490_424_36.mrc,6
/your_dir/realset/8/1_368_490_241.mrc,9
/your_dir/realset/7/1_914_64_266.mrc,2
/your_dir/realset/20/1_551_482_118.mrc,6
/your_dir/realset/20/1_337_406_170.mrc,6
/your_dir/realset/8/1_369_493_194.mrc,9
/your_dir/realset/20/1_68_564_121.mrc,6
/your_dir/realset/21/1_512_548_161.mrc,7
/your_dir/realset/7/1_228_359_329.mrc,2
/your_dir/realset/16/1_439_514_213.mrc,4
/your_dir/realset/16/1_583_59_148.mrc,4
/your_dir/realset/20/1_304_552_78.mrc,6
/your_dir/realset/7/1_852_776_249.mrc,2
/your_dir/realset/3/1_76_564_178.mrc,1
/your_dir/realset/7/1_80_634_304.mrc,2
/your_dir/realset/9/1_403_504_257.mrc,3
/your_dir/realset/7/1_754_512_178.mrc,2
/your_dir/realset/18/1_581_766_344.mrc,10
/your_dir/realset/22/1_541_294_105.mrc,11
/your_dir/realset/7/1_943_163_268.mrc,2
/your_dir/realset/1/1_163_116_185.mrc,0
/your_dir/realset/8/1_378_479_245.mrc,9
/your_dir/realset/21/1_570_59_76.mrc,7
/your_dir/realset/18/1_579_796_332.mrc,10
/your_dir/realset/20/1_468_475_146.mrc,6
/your_dir/realset/23/1_427_412_137.mrc,8
/your_dir/realset/20/1_29_441_36.mrc,6
/your_dir/realset/20/1_600_241_71.mrc,6
/your_dir/realset/1/1_122_94_198.mrc,0
/your_dir/realset/21/1_260_123_149.mrc,7
/your_dir/realset/3/1_170_904_264.mrc,1
/your_dir/realset/8/1_405_495_248.mrc,9
/your_dir/realset/7/1_598_423_251.mrc,2
/your_dir/realset/8/1_386_488_238.mrc,9
/your_dir/realset/1/1_99_56_189.mrc,0
/your_dir/realset/7/1_221_251_296.mrc,2
/your_dir/realset/19/1_20_108_70.mrc,5
/your_dir/realset/21/1_424_371_47.mrc,7
/your_dir/realset/16/1_400_576_187.mrc,4
/your_dir/realset/21/1_224_164_167.mrc,7
/your_dir/realset/20/1_89_258_67.mrc,6
/your_dir/realset/7/1_378_477_190.mrc,2
/your_dir/realset/16/1_505_630_263.mrc,4
/your_dir/realset/3/1_168_372_300.mrc,1
/your_dir/realset/3/1_158_748_156.mrc,1
/your_dir/realset/16/1_476_636_202.mrc,4
/your_dir/realset/16/1_397_581_185.mrc,4
/your_dir/realset/20/1_316_536_95.mrc,6
/your_dir/realset/20/1_441_600_64.mrc,6
/your_dir/realset/7/1_108_617_226.mrc,2
/your_dir/realset/9/1_407_533_243.mrc,3
/your_dir/realset/23/1_151_143_97.mrc,8
/your_dir/realset/18/1_568_789_329.mrc,10
/your_dir/realset/19/1_21_26_112.mrc,5
/your_dir/realset/21/1_424_466_140.mrc,7
/your_dir/realset/9/1_390_497_235.mrc,3
/your_dir/realset/21/1_425_376_34.mrc,7
/your_dir/realset/1/1_209_44_206.mrc,0
/your_dir/realset/9/1_414_511_255.mrc,3
/your_dir/realset/1/1_236_138_195.mrc,0
/your_dir/realset/16/1_480_631_204.mrc,4
/your_dir/realset/7/1_959_512_232.mrc,2
/your_dir/realset/9/1_859_580_280.mrc,3
/your_dir/realset/22/1_350_119_138.mrc,11
/your_dir/realset/8/1_391_501_247.mrc,9
/your_dir/realset/3/1_294_318_262.mrc,1
/your_dir/realset/3/1_88_480_274.mrc,1
/your_dir/realset/9/1_861_590_282.mrc,3
/your_dir/realset/3/1_110_438_254.mrc,1
/your_dir/realset/20/1_97_132_167.mrc,6
/your_dir/realset/19/1_96_609_177.mrc,5
/your_dir/realset/19/1_103_32_30.mrc,5
/your_dir/realset/3/1_270_338_284.mrc,1
/your_dir/realset/7/1_580_723_237.mrc,2
/your_dir/realset/1/1_240_164_260.mrc,0
/your_dir/realset/19/1_125_35_127.mrc,5
/your_dir/realset/20/1_446_572_77.mrc,6
/your_dir/realset/3/1_310_226_302.mrc,1
/your_dir/realset/7/1_921_268_245.mrc,2
/your_dir/realset/7/1_334_310_239.mrc,2
/your_dir/realset/1/1_192_56_252.mrc,0
/your_dir/realset/9/1_392_499_256.mrc,3
/your_dir/realset/7/1_104_430_288.mrc,2
/your_dir/realset/23/1_143_89_65.mrc,8
/your_dir/realset/9/1_368_506_251.mrc,3
/your_dir/realset/7/1_310_429_189.mrc,2
/your_dir/realset/3/1_264_214_164.mrc,1
/your_dir/realset/7/1_289_465_235.mrc,2
/your_dir/realset/3/1_290_212_194.mrc,1
/your_dir/realset/21/1_474_420_81.mrc,7
/your_dir/realset/3/1_72_296_234.mrc,1
/your_dir/realset/21/1_434_444_149.mrc,7
/your_dir/realset/8/1_388_525_255.mrc,9
/your_dir/realset/21/1_529_422_52.mrc,7
/your_dir/realset/7/1_498_238_289.mrc,2
/your_dir/realset/19/1_27_92_54.mrc,5
/your_dir/realset/3/1_314_216_232.mrc,1
/your_dir/realset/7/1_252_204_255.mrc,2
/your_dir/realset/20/1_37_316_156.mrc,6
/your_dir/realset/19/1_67_493_51.mrc,5
/your_dir/realset/20/1_494_225_38.mrc,6
/your_dir/realset/7/1_197_539_277.mrc,2
/your_dir/realset/22/1_275_494_167.mrc,11
/your_dir/realset/19/1_67_463_40.mrc,5
/your_dir/realset/1/1_233_129_159.mrc,0
/your_dir/realset/21/1_314_583_170.mrc,7
/your_dir/realset/23/1_107_418_153.mrc,8
/your_dir/realset/20/1_118_303_45.mrc,6
/your_dir/realset/19/1_49_271_108.mrc,5
/your_dir/realset/19/1_69_471_33.mrc,5
/your_dir/realset/20/1_477_108_155.mrc,6
/your_dir/realset/8/1_404_519_243.mrc,9
/your_dir/realset/1/1_280_90_218.mrc,0
/your_dir/realset/22/1_93_323_44.mrc,11
/your_dir/realset/19/1_34_114_46.mrc,5
/your_dir/realset/9/1_417_519_251.mrc,3
/your_dir/realset/8/1_374_473_241.mrc,9
/your_dir/realset/7/1_82_835_296.mrc,2
/your_dir/realset/23/1_565_580_127.mrc,8
/your_dir/realset/20/1_271_142_119.mrc,6
/your_dir/realset/1/1_209_81_245.mrc,0
/your_dir/realset/9/1_882_586_276.mrc,3
/your_dir/realset/18/1_583_806_220.mrc,10
/your_dir/realset/9/1_398_512_257.mrc,3
/your_dir/realset/18/1_581_767_335.mrc,10
/your_dir/realset/21/1_339_142_87.mrc,7
/your_dir/realset/1/1_64_67_259.mrc,0
/your_dir/realset/23/1_463_169_102.mrc,8
/your_dir/realset/22/1_106_566_131.mrc,11
/your_dir/realset/7/1_475_392_257.mrc,2
/your_dir/realset/1/1_213_111_228.mrc,0
/your_dir/realset/3/1_86_516_118.mrc,1
/your_dir/realset/18/1_570_784_337.mrc,10
/your_dir/realset/7/1_623_594_261.mrc,2
/your_dir/realset/21/1_542_540_150.mrc,7
/your_dir/realset/1/1_192_96_220.mrc,0
/your_dir/realset/20/1_482_203_82.mrc,6
/your_dir/realset/20/1_497_467_26.mrc,6
