/your_dir/shrec21/subtomo/0/1BXN_9_196_251_264.mrc,0
/your_dir/shrec21/subtomo/0/1BXN_9_484_391_231.mrc,0
/your_dir/shrec21/subtomo/0/1BXN_9_249_265_181.mrc,0
/your_dir/shrec21/subtomo/0/1BXN_9_388_293_293.mrc,0
/your_dir/shrec21/subtomo/0/1BXN_9_69_312_244.mrc,0
/your_dir/shrec21/subtomo/0/1BXN_9_152_17_210.mrc,0
/your_dir/shrec21/subtomo/0/1BXN_9_213_475_229.mrc,0
/your_dir/shrec21/subtomo/0/1BXN_9_378_466_237.mrc,0
/your_dir/shrec21/subtomo/0/1BXN_9_495_122_322.mrc,0
/your_dir/shrec21/subtomo/0/1BXN_9_109_312_211.mrc,0
/your_dir/shrec21/subtomo/0/1BXN_9_251_93_320.mrc,0
/your_dir/shrec21/subtomo/0/1BXN_9_201_321_189.mrc,0
/your_dir/shrec21/subtomo/0/1BXN_9_70_146_272.mrc,0
/your_dir/shrec21/subtomo/0/1BXN_9_475_199_210.mrc,0
/your_dir/shrec21/subtomo/0/1BXN_9_129_78_258.mrc,0
/your_dir/shrec21/subtomo/0/1BXN_9_45_216_218.mrc,0
/your_dir/shrec21/subtomo/0/1BXN_9_21_308_331.mrc,0
/your_dir/shrec21/subtomo/0/1BXN_9_255_149_250.mrc,0
/your_dir/shrec21/subtomo/0/1BXN_9_169_206_259.mrc,0
/your_dir/shrec21/subtomo/0/1BXN_9_120_58_260.mrc,0
/your_dir/shrec21/subtomo/0/1BXN_9_376_371_330.mrc,0
/your_dir/shrec21/subtomo/0/1BXN_9_432_44_300.mrc,0
/your_dir/shrec21/subtomo/0/1BXN_9_33_84_199.mrc,0
/your_dir/shrec21/subtomo/0/1BXN_9_315_49_306.mrc,0
/your_dir/shrec21/subtomo/0/1BXN_9_448_145_193.mrc,0
/your_dir/shrec21/subtomo/0/1BXN_9_38_169_183.mrc,0
/your_dir/shrec21/subtomo/0/1BXN_9_245_174_320.mrc,0
/your_dir/shrec21/subtomo/0/1BXN_9_149_177_307.mrc,0
/your_dir/shrec21/subtomo/0/1BXN_9_234_35_214.mrc,0
/your_dir/shrec21/subtomo/0/1BXN_9_399_65_234.mrc,0
/your_dir/shrec21/subtomo/0/1BXN_9_116_324_307.mrc,0
/your_dir/shrec21/subtomo/0/1BXN_9_28_137_244.mrc,0
/your_dir/shrec21/subtomo/0/1BXN_9_60_155_245.mrc,0
/your_dir/shrec21/subtomo/0/1BXN_9_143_251_239.mrc,0
/your_dir/shrec21/subtomo/0/1BXN_9_108_211_296.mrc,0
/your_dir/shrec21/subtomo/0/1BXN_9_272_139_261.mrc,0
/your_dir/shrec21/subtomo/0/1BXN_9_183_291_209.mrc,0
/your_dir/shrec21/subtomo/0/1BXN_9_361_229_252.mrc,0
/your_dir/shrec21/subtomo/0/1BXN_9_268_290_236.mrc,0
/your_dir/shrec21/subtomo/0/1BXN_9_458_302_331.mrc,0
/your_dir/shrec21/subtomo/0/1BXN_9_176_60_200.mrc,0
/your_dir/shrec21/subtomo/0/1BXN_9_348_55_186.mrc,0
/your_dir/shrec21/subtomo/0/1BXN_9_448_321_260.mrc,0
/your_dir/shrec21/subtomo/0/1BXN_9_70_448_305.mrc,0
/your_dir/shrec21/subtomo/0/1BXN_9_375_312_276.mrc,0
/your_dir/shrec21/subtomo/0/1BXN_9_172_397_198.mrc,0
/your_dir/shrec21/subtomo/0/1BXN_9_180_61_330.mrc,0
/your_dir/shrec21/subtomo/0/1BXN_9_252_100_223.mrc,0
/your_dir/shrec21/subtomo/0/1BXN_9_94_204_175.mrc,0
/your_dir/shrec21/subtomo/0/1BXN_9_35_128_306.mrc,0
/your_dir/shrec21/subtomo/0/1BXN_9_373_381_290.mrc,0
/your_dir/shrec21/subtomo/0/1BXN_9_310_30_318.mrc,0
/your_dir/shrec21/subtomo/0/1BXN_9_310_104_179.mrc,0
/your_dir/shrec21/subtomo/0/1BXN_9_210_140_182.mrc,0
/your_dir/shrec21/subtomo/0/1BXN_9_127_276_327.mrc,0
/your_dir/shrec21/subtomo/0/1BXN_9_288_121_197.mrc,0
/your_dir/shrec21/subtomo/0/1BXN_9_310_254_187.mrc,0
/your_dir/shrec21/subtomo/0/1BXN_9_392_200_225.mrc,0
/your_dir/shrec21/subtomo/0/1BXN_9_323_163_240.mrc,0
/your_dir/shrec21/subtomo/0/1BXN_9_175_127_312.mrc,0
/your_dir/shrec21/subtomo/0/1BXN_9_107_176_316.mrc,0
/your_dir/shrec21/subtomo/0/1BXN_9_106_476_276.mrc,0
/your_dir/shrec21/subtomo/0/1BXN_9_152_70_332.mrc,0
/your_dir/shrec21/subtomo/0/1BXN_9_426_342_280.mrc,0
/your_dir/shrec21/subtomo/0/1BXN_9_293_359_321.mrc,0
/your_dir/shrec21/subtomo/0/1BXN_9_292_146_266.mrc,0
/your_dir/shrec21/subtomo/0/1BXN_9_456_409_208.mrc,0
/your_dir/shrec21/subtomo/0/1BXN_9_244_93_303.mrc,0
/your_dir/shrec21/subtomo/0/1BXN_9_436_486_312.mrc,0
/your_dir/shrec21/subtomo/0/1BXN_9_157_218_226.mrc,0
/your_dir/shrec21/subtomo/0/1BXN_9_171_443_329.mrc,0
/your_dir/shrec21/subtomo/0/1BXN_9_370_32_319.mrc,0
/your_dir/shrec21/subtomo/0/1BXN_9_105_86_273.mrc,0
/your_dir/shrec21/subtomo/0/1BXN_9_186_69_183.mrc,0
/your_dir/shrec21/subtomo/0/1BXN_9_102_323_281.mrc,0
/your_dir/shrec21/subtomo/0/1BXN_9_383_132_254.mrc,0
/your_dir/shrec21/subtomo/0/1BXN_9_75_64_297.mrc,0
/your_dir/shrec21/subtomo/0/1BXN_9_349_231_182.mrc,0
/your_dir/shrec21/subtomo/0/1BXN_9_124_100_209.mrc,0
/your_dir/shrec21/subtomo/0/1BXN_9_378_62_306.mrc,0
/your_dir/shrec21/subtomo/0/1BXN_9_44_450_187.mrc,0
/your_dir/shrec21/subtomo/0/1BXN_9_461_194_320.mrc,0
/your_dir/shrec21/subtomo/0/1BXN_9_84_318_243.mrc,0
/your_dir/shrec21/subtomo/0/1BXN_9_17_373_202.mrc,0
/your_dir/shrec21/subtomo/0/1BXN_9_315_46_273.mrc,0
/your_dir/shrec21/subtomo/0/1BXN_9_280_51_313.mrc,0
/your_dir/shrec21/subtomo/0/1BXN_9_221_21_276.mrc,0
/your_dir/shrec21/subtomo/0/1BXN_9_422_82_317.mrc,0
/your_dir/shrec21/subtomo/0/1BXN_9_130_373_292.mrc,0
/your_dir/shrec21/subtomo/0/1BXN_9_45_203_195.mrc,0
/your_dir/shrec21/subtomo/0/1BXN_9_79_265_227.mrc,0
/your_dir/shrec21/subtomo/0/1BXN_9_282_230_310.mrc,0
/your_dir/shrec21/subtomo/0/1BXN_9_400_395_191.mrc,0
/your_dir/shrec21/subtomo/0/1BXN_9_224_264_252.mrc,0
/your_dir/shrec21/subtomo/0/1BXN_9_162_97_209.mrc,0
/your_dir/shrec21/subtomo/0/1BXN_9_222_333_203.mrc,0
/your_dir/shrec21/subtomo/0/1BXN_9_57_384_241.mrc,0
/your_dir/shrec21/subtomo/0/1BXN_9_31_284_186.mrc,0
/your_dir/shrec21/subtomo/0/1BXN_9_189_134_312.mrc,0
/your_dir/shrec21/subtomo/0/1BXN_9_464_360_232.mrc,0
/your_dir/shrec21/subtomo/0/1BXN_9_236_190_214.mrc,0
/your_dir/shrec21/subtomo/0/1BXN_9_166_135_267.mrc,0
/your_dir/shrec21/subtomo/0/1BXN_9_395_129_180.mrc,0
/your_dir/shrec21/subtomo/0/1BXN_9_118_473_296.mrc,0
/your_dir/shrec21/subtomo/0/1BXN_9_144_316_231.mrc,0
/your_dir/shrec21/subtomo/0/1BXN_9_301_46_334.mrc,0
/your_dir/shrec21/subtomo/0/1BXN_9_270_206_259.mrc,0
/your_dir/shrec21/subtomo/0/1BXN_9_162_493_244.mrc,0
/your_dir/shrec21/subtomo/0/1BXN_9_438_188_330.mrc,0
/your_dir/shrec21/subtomo/0/1BXN_9_490_480_196.mrc,0
/your_dir/shrec21/subtomo/0/1BXN_9_326_273_328.mrc,0
/your_dir/shrec21/subtomo/0/1BXN_9_185_97_205.mrc,0
/your_dir/shrec21/subtomo/0/1BXN_9_336_323_211.mrc,0
/your_dir/shrec21/subtomo/0/1BXN_9_448_349_181.mrc,0
/your_dir/shrec21/subtomo/0/1BXN_9_336_128_213.mrc,0
/your_dir/shrec21/subtomo/0/1BXN_9_444_53_265.mrc,0
/your_dir/shrec21/subtomo/0/1BXN_9_352_307_271.mrc,0
/your_dir/shrec21/subtomo/0/1BXN_9_118_76_211.mrc,0
/your_dir/shrec21/subtomo/0/1BXN_9_376_465_309.mrc,0
/your_dir/shrec21/subtomo/0/1BXN_9_51_325_295.mrc,0
/your_dir/shrec21/subtomo/0/1BXN_9_76_46_329.mrc,0
/your_dir/shrec21/subtomo/0/1BXN_9_406_70_175.mrc,0
/your_dir/shrec21/subtomo/0/1BXN_9_472_169_287.mrc,0
/your_dir/shrec21/subtomo/0/1BXN_9_138_317_281.mrc,0
/your_dir/shrec21/subtomo/0/1BXN_9_247_472_238.mrc,0
/your_dir/shrec21/subtomo/0/1BXN_9_376_180_223.mrc,0
/your_dir/shrec21/subtomo/0/1BXN_9_291_372_329.mrc,0
/your_dir/shrec21/subtomo/0/1BXN_9_163_171_328.mrc,0
/your_dir/shrec21/subtomo/0/1BXN_9_37_34_326.mrc,0
/your_dir/shrec21/subtomo/1/1S3X_9_372_379_305.mrc,1
/your_dir/shrec21/subtomo/1/1S3X_9_124_396_273.mrc,1
/your_dir/shrec21/subtomo/1/1S3X_9_163_153_234.mrc,1
/your_dir/shrec21/subtomo/1/1S3X_9_133_101_280.mrc,1
/your_dir/shrec21/subtomo/1/1S3X_9_171_19_259.mrc,1
/your_dir/shrec21/subtomo/1/1S3X_9_246_168_240.mrc,1
/your_dir/shrec21/subtomo/1/1S3X_9_115_364_180.mrc,1
/your_dir/shrec21/subtomo/1/1S3X_9_73_76_290.mrc,1
/your_dir/shrec21/subtomo/1/1S3X_9_309_272_262.mrc,1
/your_dir/shrec21/subtomo/1/1S3X_9_270_230_177.mrc,1
/your_dir/shrec21/subtomo/1/1S3X_9_151_380_233.mrc,1
/your_dir/shrec21/subtomo/1/1S3X_9_389_461_194.mrc,1
/your_dir/shrec21/subtomo/1/1S3X_9_397_455_329.mrc,1
/your_dir/shrec21/subtomo/1/1S3X_9_34_327_291.mrc,1
/your_dir/shrec21/subtomo/1/1S3X_9_205_430_206.mrc,1
/your_dir/shrec21/subtomo/1/1S3X_9_98_130_172.mrc,1
/your_dir/shrec21/subtomo/1/1S3X_9_472_71_328.mrc,1
/your_dir/shrec21/subtomo/1/1S3X_9_381_464_186.mrc,1
/your_dir/shrec21/subtomo/1/1S3X_9_110_187_257.mrc,1
/your_dir/shrec21/subtomo/1/1S3X_9_335_111_197.mrc,1
/your_dir/shrec21/subtomo/1/1S3X_9_310_136_328.mrc,1
/your_dir/shrec21/subtomo/1/1S3X_9_300_122_271.mrc,1
/your_dir/shrec21/subtomo/1/1S3X_9_53_49_241.mrc,1
/your_dir/shrec21/subtomo/1/1S3X_9_199_120_208.mrc,1
/your_dir/shrec21/subtomo/1/1S3X_9_227_474_267.mrc,1
/your_dir/shrec21/subtomo/1/1S3X_9_152_316_301.mrc,1
/your_dir/shrec21/subtomo/1/1S3X_9_321_115_334.mrc,1
/your_dir/shrec21/subtomo/1/1S3X_9_139_38_235.mrc,1
/your_dir/shrec21/subtomo/1/1S3X_9_248_166_288.mrc,1
/your_dir/shrec21/subtomo/1/1S3X_9_248_338_287.mrc,1
/your_dir/shrec21/subtomo/1/1S3X_9_481_293_328.mrc,1
/your_dir/shrec21/subtomo/1/1S3X_9_170_191_271.mrc,1
/your_dir/shrec21/subtomo/1/1S3X_9_116_59_192.mrc,1
/your_dir/shrec21/subtomo/1/1S3X_9_458_45_252.mrc,1
/your_dir/shrec21/subtomo/1/1S3X_9_233_385_292.mrc,1
/your_dir/shrec21/subtomo/1/1S3X_9_163_266_205.mrc,1
/your_dir/shrec21/subtomo/1/1S3X_9_281_154_257.mrc,1
/your_dir/shrec21/subtomo/1/1S3X_9_455_491_325.mrc,1
/your_dir/shrec21/subtomo/1/1S3X_9_352_298_194.mrc,1
/your_dir/shrec21/subtomo/1/1S3X_9_482_140_290.mrc,1
/your_dir/shrec21/subtomo/1/1S3X_9_404_128_223.mrc,1
/your_dir/shrec21/subtomo/1/1S3X_9_94_180_209.mrc,1
/your_dir/shrec21/subtomo/1/1S3X_9_25_370_299.mrc,1
/your_dir/shrec21/subtomo/1/1S3X_9_286_286_273.mrc,1
/your_dir/shrec21/subtomo/1/1S3X_9_425_100_279.mrc,1
/your_dir/shrec21/subtomo/1/1S3X_9_293_211_207.mrc,1
/your_dir/shrec21/subtomo/1/1S3X_9_201_122_275.mrc,1
/your_dir/shrec21/subtomo/1/1S3X_9_492_341_194.mrc,1
/your_dir/shrec21/subtomo/1/1S3X_9_263_69_233.mrc,1
/your_dir/shrec21/subtomo/1/1S3X_9_47_275_190.mrc,1
/your_dir/shrec21/subtomo/1/1S3X_9_310_75_298.mrc,1
/your_dir/shrec21/subtomo/1/1S3X_9_382_172_204.mrc,1
/your_dir/shrec21/subtomo/1/1S3X_9_407_421_191.mrc,1
/your_dir/shrec21/subtomo/1/1S3X_9_230_332_192.mrc,1
/your_dir/shrec21/subtomo/1/1S3X_9_261_75_180.mrc,1
/your_dir/shrec21/subtomo/1/1S3X_9_486_419_263.mrc,1
/your_dir/shrec21/subtomo/1/1S3X_9_65_261_322.mrc,1
/your_dir/shrec21/subtomo/1/1S3X_9_280_151_251.mrc,1
/your_dir/shrec21/subtomo/1/1S3X_9_82_360_260.mrc,1
/your_dir/shrec21/subtomo/1/1S3X_9_396_404_262.mrc,1
/your_dir/shrec21/subtomo/1/1S3X_9_291_53_307.mrc,1
/your_dir/shrec21/subtomo/1/1S3X_9_57_298_272.mrc,1
/your_dir/shrec21/subtomo/1/1S3X_9_405_399_270.mrc,1
/your_dir/shrec21/subtomo/1/1S3X_9_434_304_217.mrc,1
/your_dir/shrec21/subtomo/1/1S3X_9_105_145_247.mrc,1
/your_dir/shrec21/subtomo/1/1S3X_9_291_201_333.mrc,1
/your_dir/shrec21/subtomo/1/1S3X_9_31_308_251.mrc,1
/your_dir/shrec21/subtomo/1/1S3X_9_212_442_326.mrc,1
/your_dir/shrec21/subtomo/1/1S3X_9_416_343_224.mrc,1
/your_dir/shrec21/subtomo/1/1S3X_9_412_126_301.mrc,1
/your_dir/shrec21/subtomo/1/1S3X_9_218_484_272.mrc,1
/your_dir/shrec21/subtomo/1/1S3X_9_69_387_272.mrc,1
/your_dir/shrec21/subtomo/1/1S3X_9_225_93_300.mrc,1
/your_dir/shrec21/subtomo/1/1S3X_9_160_328_330.mrc,1
/your_dir/shrec21/subtomo/1/1S3X_9_368_401_242.mrc,1
/your_dir/shrec21/subtomo/1/1S3X_9_370_61_318.mrc,1
/your_dir/shrec21/subtomo/1/1S3X_9_337_483_198.mrc,1
/your_dir/shrec21/subtomo/1/1S3X_9_464_359_213.mrc,1
/your_dir/shrec21/subtomo/1/1S3X_9_131_457_255.mrc,1
/your_dir/shrec21/subtomo/1/1S3X_9_266_146_283.mrc,1
/your_dir/shrec21/subtomo/1/1S3X_9_114_123_201.mrc,1
/your_dir/shrec21/subtomo/1/1S3X_9_232_273_251.mrc,1
/your_dir/shrec21/subtomo/1/1S3X_9_284_428_173.mrc,1
/your_dir/shrec21/subtomo/1/1S3X_9_69_408_183.mrc,1
/your_dir/shrec21/subtomo/1/1S3X_9_52_19_227.mrc,1
/your_dir/shrec21/subtomo/1/1S3X_9_432_215_323.mrc,1
/your_dir/shrec21/subtomo/1/1S3X_9_35_318_272.mrc,1
/your_dir/shrec21/subtomo/1/1S3X_9_417_194_227.mrc,1
/your_dir/shrec21/subtomo/1/1S3X_9_261_81_334.mrc,1
/your_dir/shrec21/subtomo/1/1S3X_9_449_21_287.mrc,1
/your_dir/shrec21/subtomo/1/1S3X_9_186_205_186.mrc,1
/your_dir/shrec21/subtomo/1/1S3X_9_373_294_202.mrc,1
/your_dir/shrec21/subtomo/1/1S3X_9_446_341_266.mrc,1
/your_dir/shrec21/subtomo/1/1S3X_9_295_257_190.mrc,1
/your_dir/shrec21/subtomo/1/1S3X_9_364_366_179.mrc,1
/your_dir/shrec21/subtomo/1/1S3X_9_492_253_296.mrc,1
/your_dir/shrec21/subtomo/1/1S3X_9_168_344_218.mrc,1
/your_dir/shrec21/subtomo/1/1S3X_9_167_441_257.mrc,1
/your_dir/shrec21/subtomo/1/1S3X_9_120_206_230.mrc,1
/your_dir/shrec21/subtomo/1/1S3X_9_201_210_225.mrc,1
/your_dir/shrec21/subtomo/1/1S3X_9_326_494_224.mrc,1
/your_dir/shrec21/subtomo/1/1S3X_9_382_436_310.mrc,1
/your_dir/shrec21/subtomo/1/1S3X_9_29_110_213.mrc,1
/your_dir/shrec21/subtomo/1/1S3X_9_55_57_279.mrc,1
/your_dir/shrec21/subtomo/1/1S3X_9_228_227_196.mrc,1
/your_dir/shrec21/subtomo/1/1S3X_9_292_290_315.mrc,1
/your_dir/shrec21/subtomo/1/1S3X_9_212_147_214.mrc,1
/your_dir/shrec21/subtomo/1/1S3X_9_327_317_262.mrc,1
/your_dir/shrec21/subtomo/1/1S3X_9_441_258_199.mrc,1
/your_dir/shrec21/subtomo/1/1S3X_9_211_182_244.mrc,1
/your_dir/shrec21/subtomo/1/1S3X_9_370_101_191.mrc,1
/your_dir/shrec21/subtomo/1/1S3X_9_109_207_261.mrc,1
/your_dir/shrec21/subtomo/1/1S3X_9_145_171_328.mrc,1
/your_dir/shrec21/subtomo/1/1S3X_9_24_82_309.mrc,1
/your_dir/shrec21/subtomo/2/2CG9_9_403_149_320.mrc,2
/your_dir/shrec21/subtomo/2/2CG9_9_383_84_217.mrc,2
/your_dir/shrec21/subtomo/2/2CG9_9_370_139_281.mrc,2
/your_dir/shrec21/subtomo/2/2CG9_9_269_153_248.mrc,2
/your_dir/shrec21/subtomo/2/2CG9_9_458_257_188.mrc,2
/your_dir/shrec21/subtomo/2/2CG9_9_400_407_211.mrc,2
/your_dir/shrec21/subtomo/2/2CG9_9_336_466_256.mrc,2
/your_dir/shrec21/subtomo/2/2CG9_9_275_444_301.mrc,2
/your_dir/shrec21/subtomo/2/2CG9_9_291_124_216.mrc,2
/your_dir/shrec21/subtomo/2/2CG9_9_109_248_232.mrc,2
/your_dir/shrec21/subtomo/2/2CG9_9_301_426_290.mrc,2
/your_dir/shrec21/subtomo/2/2CG9_9_326_293_234.mrc,2
/your_dir/shrec21/subtomo/2/2CG9_9_298_248_316.mrc,2
/your_dir/shrec21/subtomo/2/2CG9_9_223_318_328.mrc,2
/your_dir/shrec21/subtomo/2/2CG9_9_170_257_178.mrc,2
/your_dir/shrec21/subtomo/2/2CG9_9_143_487_312.mrc,2
/your_dir/shrec21/subtomo/2/2CG9_9_64_215_274.mrc,2
/your_dir/shrec21/subtomo/2/2CG9_9_278_23_225.mrc,2
/your_dir/shrec21/subtomo/2/2CG9_9_274_368_275.mrc,2
/your_dir/shrec21/subtomo/2/2CG9_9_310_412_234.mrc,2
/your_dir/shrec21/subtomo/2/2CG9_9_378_193_245.mrc,2
/your_dir/shrec21/subtomo/2/2CG9_9_318_199_241.mrc,2
/your_dir/shrec21/subtomo/2/2CG9_9_433_34_231.mrc,2
/your_dir/shrec21/subtomo/2/2CG9_9_46_115_334.mrc,2
/your_dir/shrec21/subtomo/2/2CG9_9_443_67_301.mrc,2
/your_dir/shrec21/subtomo/2/2CG9_9_394_176_224.mrc,2
/your_dir/shrec21/subtomo/2/2CG9_9_234_54_254.mrc,2
/your_dir/shrec21/subtomo/2/2CG9_9_190_491_294.mrc,2
/your_dir/shrec21/subtomo/2/2CG9_9_141_451_269.mrc,2
/your_dir/shrec21/subtomo/2/2CG9_9_308_375_222.mrc,2
/your_dir/shrec21/subtomo/2/2CG9_9_388_60_333.mrc,2
/your_dir/shrec21/subtomo/2/2CG9_9_150_279_214.mrc,2
/your_dir/shrec21/subtomo/2/2CG9_9_27_348_275.mrc,2
/your_dir/shrec21/subtomo/2/2CG9_9_206_203_230.mrc,2
/your_dir/shrec21/subtomo/2/2CG9_9_113_49_193.mrc,2
/your_dir/shrec21/subtomo/2/2CG9_9_461_476_252.mrc,2
/your_dir/shrec21/subtomo/2/2CG9_9_404_375_304.mrc,2
/your_dir/shrec21/subtomo/2/2CG9_9_135_412_244.mrc,2
/your_dir/shrec21/subtomo/2/2CG9_9_23_266_275.mrc,2
/your_dir/shrec21/subtomo/2/2CG9_9_478_323_273.mrc,2
/your_dir/shrec21/subtomo/2/2CG9_9_297_125_325.mrc,2
/your_dir/shrec21/subtomo/2/2CG9_9_214_226_257.mrc,2
/your_dir/shrec21/subtomo/2/2CG9_9_54_417_292.mrc,2
/your_dir/shrec21/subtomo/2/2CG9_9_409_91_187.mrc,2
/your_dir/shrec21/subtomo/2/2CG9_9_174_180_176.mrc,2
/your_dir/shrec21/subtomo/2/2CG9_9_71_306_217.mrc,2
/your_dir/shrec21/subtomo/2/2CG9_9_360_285_215.mrc,2
/your_dir/shrec21/subtomo/2/2CG9_9_266_46_226.mrc,2
/your_dir/shrec21/subtomo/2/2CG9_9_179_229_246.mrc,2
/your_dir/shrec21/subtomo/2/2CG9_9_388_380_319.mrc,2
/your_dir/shrec21/subtomo/2/2CG9_9_50_422_223.mrc,2
/your_dir/shrec21/subtomo/2/2CG9_9_38_270_212.mrc,2
/your_dir/shrec21/subtomo/2/2CG9_9_37_202_216.mrc,2
/your_dir/shrec21/subtomo/2/2CG9_9_451_404_247.mrc,2
/your_dir/shrec21/subtomo/2/2CG9_9_470_391_312.mrc,2
/your_dir/shrec21/subtomo/2/2CG9_9_276_72_314.mrc,2
/your_dir/shrec21/subtomo/2/2CG9_9_270_315_299.mrc,2
/your_dir/shrec21/subtomo/2/2CG9_9_377_132_295.mrc,2
/your_dir/shrec21/subtomo/2/2CG9_9_252_287_263.mrc,2
/your_dir/shrec21/subtomo/2/2CG9_9_126_354_283.mrc,2
/your_dir/shrec21/subtomo/2/2CG9_9_84_79_333.mrc,2
/your_dir/shrec21/subtomo/2/2CG9_9_113_394_230.mrc,2
/your_dir/shrec21/subtomo/2/2CG9_9_403_124_196.mrc,2
/your_dir/shrec21/subtomo/2/2CG9_9_475_50_239.mrc,2
/your_dir/shrec21/subtomo/2/2CG9_9_82_330_188.mrc,2
/your_dir/shrec21/subtomo/2/2CG9_9_228_363_260.mrc,2
/your_dir/shrec21/subtomo/2/2CG9_9_266_313_249.mrc,2
/your_dir/shrec21/subtomo/2/2CG9_9_484_488_272.mrc,2
/your_dir/shrec21/subtomo/2/2CG9_9_125_216_263.mrc,2
/your_dir/shrec21/subtomo/2/2CG9_9_327_209_184.mrc,2
/your_dir/shrec21/subtomo/2/2CG9_9_43_105_309.mrc,2
/your_dir/shrec21/subtomo/2/2CG9_9_121_285_261.mrc,2
/your_dir/shrec21/subtomo/2/2CG9_9_358_224_297.mrc,2
/your_dir/shrec21/subtomo/2/2CG9_9_358_271_313.mrc,2
/your_dir/shrec21/subtomo/2/2CG9_9_456_334_293.mrc,2
/your_dir/shrec21/subtomo/2/2CG9_9_277_494_189.mrc,2
/your_dir/shrec21/subtomo/2/2CG9_9_460_494_222.mrc,2
/your_dir/shrec21/subtomo/2/2CG9_9_123_32_246.mrc,2
/your_dir/shrec21/subtomo/2/2CG9_9_117_128_298.mrc,2
/your_dir/shrec21/subtomo/2/2CG9_9_45_48_284.mrc,2
/your_dir/shrec21/subtomo/2/2CG9_9_386_124_229.mrc,2
/your_dir/shrec21/subtomo/2/2CG9_9_283_489_286.mrc,2
/your_dir/shrec21/subtomo/2/2CG9_9_393_338_207.mrc,2
/your_dir/shrec21/subtomo/2/2CG9_9_233_211_241.mrc,2
/your_dir/shrec21/subtomo/2/2CG9_9_484_185_249.mrc,2
/your_dir/shrec21/subtomo/2/2CG9_9_36_303_335.mrc,2
/your_dir/shrec21/subtomo/2/2CG9_9_468_28_252.mrc,2
/your_dir/shrec21/subtomo/2/2CG9_9_346_193_228.mrc,2
/your_dir/shrec21/subtomo/2/2CG9_9_275_483_312.mrc,2
/your_dir/shrec21/subtomo/2/2CG9_9_486_90_230.mrc,2
/your_dir/shrec21/subtomo/2/2CG9_9_426_153_199.mrc,2
/your_dir/shrec21/subtomo/2/2CG9_9_129_388_287.mrc,2
/your_dir/shrec21/subtomo/2/2CG9_9_87_299_256.mrc,2
/your_dir/shrec21/subtomo/2/2CG9_9_269_125_210.mrc,2
/your_dir/shrec21/subtomo/2/2CG9_9_286_311_212.mrc,2
/your_dir/shrec21/subtomo/2/2CG9_9_189_163_184.mrc,2
/your_dir/shrec21/subtomo/2/2CG9_9_319_165_222.mrc,2
/your_dir/shrec21/subtomo/2/2CG9_9_182_34_282.mrc,2
/your_dir/shrec21/subtomo/2/2CG9_9_303_165_236.mrc,2
/your_dir/shrec21/subtomo/2/2CG9_9_212_399_194.mrc,2
/your_dir/shrec21/subtomo/2/2CG9_9_336_151_228.mrc,2
/your_dir/shrec21/subtomo/2/2CG9_9_180_427_190.mrc,2
/your_dir/shrec21/subtomo/2/2CG9_9_184_234_261.mrc,2
/your_dir/shrec21/subtomo/2/2CG9_9_345_89_193.mrc,2
/your_dir/shrec21/subtomo/2/2CG9_9_222_154_175.mrc,2
/your_dir/shrec21/subtomo/2/2CG9_9_166_46_275.mrc,2
/your_dir/shrec21/subtomo/2/2CG9_9_219_239_251.mrc,2
/your_dir/shrec21/subtomo/2/2CG9_9_87_288_335.mrc,2
/your_dir/shrec21/subtomo/2/2CG9_9_492_305_288.mrc,2
/your_dir/shrec21/subtomo/2/2CG9_9_212_480_329.mrc,2
/your_dir/shrec21/subtomo/2/2CG9_9_145_479_285.mrc,2
/your_dir/shrec21/subtomo/2/2CG9_9_68_270_333.mrc,2
/your_dir/shrec21/subtomo/2/2CG9_9_466_62_176.mrc,2
/your_dir/shrec21/subtomo/2/2CG9_9_383_451_334.mrc,2
/your_dir/shrec21/subtomo/2/2CG9_9_428_294_178.mrc,2
/your_dir/shrec21/subtomo/2/2CG9_9_139_399_199.mrc,2
/your_dir/shrec21/subtomo/2/2CG9_9_184_433_275.mrc,2
/your_dir/shrec21/subtomo/3/3D2F_9_459_97_267.mrc,3
/your_dir/shrec21/subtomo/3/3D2F_9_259_388_249.mrc,3
/your_dir/shrec21/subtomo/3/3D2F_9_126_373_316.mrc,3
/your_dir/shrec21/subtomo/3/3D2F_9_22_82_234.mrc,3
/your_dir/shrec21/subtomo/3/3D2F_9_119_488_268.mrc,3
/your_dir/shrec21/subtomo/3/3D2F_9_489_312_306.mrc,3
/your_dir/shrec21/subtomo/3/3D2F_9_146_105_260.mrc,3
/your_dir/shrec21/subtomo/3/3D2F_9_232_373_177.mrc,3
/your_dir/shrec21/subtomo/3/3D2F_9_55_330_267.mrc,3
/your_dir/shrec21/subtomo/3/3D2F_9_238_341_334.mrc,3
/your_dir/shrec21/subtomo/3/3D2F_9_418_195_322.mrc,3
/your_dir/shrec21/subtomo/3/3D2F_9_342_475_229.mrc,3
/your_dir/shrec21/subtomo/3/3D2F_9_452_266_219.mrc,3
/your_dir/shrec21/subtomo/3/3D2F_9_280_221_238.mrc,3
/your_dir/shrec21/subtomo/3/3D2F_9_147_314_247.mrc,3
/your_dir/shrec21/subtomo/3/3D2F_9_116_125_288.mrc,3
/your_dir/shrec21/subtomo/3/3D2F_9_420_70_295.mrc,3
/your_dir/shrec21/subtomo/3/3D2F_9_180_289_329.mrc,3
/your_dir/shrec21/subtomo/3/3D2F_9_96_311_195.mrc,3
/your_dir/shrec21/subtomo/3/3D2F_9_73_395_250.mrc,3
/your_dir/shrec21/subtomo/3/3D2F_9_477_25_279.mrc,3
/your_dir/shrec21/subtomo/3/3D2F_9_184_165_244.mrc,3
/your_dir/shrec21/subtomo/3/3D2F_9_38_387_266.mrc,3
/your_dir/shrec21/subtomo/3/3D2F_9_67_51_206.mrc,3
/your_dir/shrec21/subtomo/3/3D2F_9_278_296_225.mrc,3
/your_dir/shrec21/subtomo/3/3D2F_9_325_228_268.mrc,3
/your_dir/shrec21/subtomo/3/3D2F_9_110_466_180.mrc,3
/your_dir/shrec21/subtomo/3/3D2F_9_205_390_202.mrc,3
/your_dir/shrec21/subtomo/3/3D2F_9_374_242_260.mrc,3
/your_dir/shrec21/subtomo/3/3D2F_9_443_109_181.mrc,3
/your_dir/shrec21/subtomo/3/3D2F_9_368_41_303.mrc,3
/your_dir/shrec21/subtomo/3/3D2F_9_363_227_232.mrc,3
/your_dir/shrec21/subtomo/3/3D2F_9_67_132_334.mrc,3
/your_dir/shrec21/subtomo/3/3D2F_9_355_331_271.mrc,3
/your_dir/shrec21/subtomo/3/3D2F_9_79_47_235.mrc,3
/your_dir/shrec21/subtomo/3/3D2F_9_102_60_214.mrc,3
/your_dir/shrec21/subtomo/3/3D2F_9_428_273_178.mrc,3
/your_dir/shrec21/subtomo/3/3D2F_9_129_229_324.mrc,3
/your_dir/shrec21/subtomo/3/3D2F_9_52_152_228.mrc,3
/your_dir/shrec21/subtomo/3/3D2F_9_476_284_303.mrc,3
/your_dir/shrec21/subtomo/3/3D2F_9_399_383_233.mrc,3
/your_dir/shrec21/subtomo/3/3D2F_9_309_186_262.mrc,3
/your_dir/shrec21/subtomo/3/3D2F_9_446_410_237.mrc,3
/your_dir/shrec21/subtomo/3/3D2F_9_474_38_301.mrc,3
/your_dir/shrec21/subtomo/3/3D2F_9_491_126_189.mrc,3
/your_dir/shrec21/subtomo/3/3D2F_9_256_170_333.mrc,3
/your_dir/shrec21/subtomo/3/3D2F_9_124_162_286.mrc,3
/your_dir/shrec21/subtomo/3/3D2F_9_90_98_237.mrc,3
/your_dir/shrec21/subtomo/3/3D2F_9_440_264_193.mrc,3
/your_dir/shrec21/subtomo/3/3D2F_9_457_97_331.mrc,3
/your_dir/shrec21/subtomo/3/3D2F_9_478_185_187.mrc,3
/your_dir/shrec21/subtomo/3/3D2F_9_439_181_314.mrc,3
/your_dir/shrec21/subtomo/3/3D2F_9_321_258_328.mrc,3
/your_dir/shrec21/subtomo/3/3D2F_9_243_241_191.mrc,3
/your_dir/shrec21/subtomo/3/3D2F_9_388_350_328.mrc,3
/your_dir/shrec21/subtomo/3/3D2F_9_400_284_270.mrc,3
/your_dir/shrec21/subtomo/3/3D2F_9_346_369_313.mrc,3
/your_dir/shrec21/subtomo/3/3D2F_9_261_74_263.mrc,3
/your_dir/shrec21/subtomo/3/3D2F_9_91_337_296.mrc,3
/your_dir/shrec21/subtomo/3/3D2F_9_115_185_273.mrc,3
/your_dir/shrec21/subtomo/3/3D2F_9_445_415_256.mrc,3
/your_dir/shrec21/subtomo/3/3D2F_9_306_494_227.mrc,3
/your_dir/shrec21/subtomo/3/3D2F_9_155_67_310.mrc,3
/your_dir/shrec21/subtomo/3/3D2F_9_37_163_222.mrc,3
/your_dir/shrec21/subtomo/3/3D2F_9_51_72_194.mrc,3
/your_dir/shrec21/subtomo/3/3D2F_9_170_261_310.mrc,3
/your_dir/shrec21/subtomo/3/3D2F_9_166_450_195.mrc,3
/your_dir/shrec21/subtomo/3/3D2F_9_313_114_270.mrc,3
/your_dir/shrec21/subtomo/3/3D2F_9_436_494_248.mrc,3
/your_dir/shrec21/subtomo/3/3D2F_9_212_186_251.mrc,3
/your_dir/shrec21/subtomo/3/3D2F_9_164_377_214.mrc,3
/your_dir/shrec21/subtomo/3/3D2F_9_168_84_226.mrc,3
/your_dir/shrec21/subtomo/3/3D2F_9_35_334_281.mrc,3
/your_dir/shrec21/subtomo/3/3D2F_9_351_373_191.mrc,3
/your_dir/shrec21/subtomo/3/3D2F_9_457_355_200.mrc,3
/your_dir/shrec21/subtomo/3/3D2F_9_411_410_255.mrc,3
/your_dir/shrec21/subtomo/3/3D2F_9_130_34_281.mrc,3
/your_dir/shrec21/subtomo/3/3D2F_9_78_469_328.mrc,3
/your_dir/shrec21/subtomo/3/3D2F_9_286_29_177.mrc,3
/your_dir/shrec21/subtomo/3/3D2F_9_188_114_278.mrc,3
/your_dir/shrec21/subtomo/3/3D2F_9_18_176_308.mrc,3
/your_dir/shrec21/subtomo/3/3D2F_9_52_135_321.mrc,3
/your_dir/shrec21/subtomo/3/3D2F_9_123_330_319.mrc,3
/your_dir/shrec21/subtomo/3/3D2F_9_333_449_234.mrc,3
/your_dir/shrec21/subtomo/3/3D2F_9_401_224_218.mrc,3
/your_dir/shrec21/subtomo/3/3D2F_9_259_262_280.mrc,3
/your_dir/shrec21/subtomo/3/3D2F_9_249_486_297.mrc,3
/your_dir/shrec21/subtomo/3/3D2F_9_67_134_241.mrc,3
/your_dir/shrec21/subtomo/3/3D2F_9_468_477_288.mrc,3
/your_dir/shrec21/subtomo/3/3D2F_9_302_189_206.mrc,3
/your_dir/shrec21/subtomo/3/3D2F_9_323_21_207.mrc,3
/your_dir/shrec21/subtomo/3/3D2F_9_489_170_259.mrc,3
/your_dir/shrec21/subtomo/3/3D2F_9_232_474_329.mrc,3
/your_dir/shrec21/subtomo/3/3D2F_9_62_423_209.mrc,3
/your_dir/shrec21/subtomo/3/3D2F_9_92_261_265.mrc,3
/your_dir/shrec21/subtomo/3/3D2F_9_267_89_241.mrc,3
/your_dir/shrec21/subtomo/3/3D2F_9_89_410_290.mrc,3
/your_dir/shrec21/subtomo/3/3D2F_9_208_242_272.mrc,3
/your_dir/shrec21/subtomo/3/3D2F_9_144_280_191.mrc,3
/your_dir/shrec21/subtomo/3/3D2F_9_177_439_188.mrc,3
/your_dir/shrec21/subtomo/3/3D2F_9_459_303_283.mrc,3
/your_dir/shrec21/subtomo/3/3D2F_9_402_97_330.mrc,3
/your_dir/shrec21/subtomo/3/3D2F_9_227_320_294.mrc,3
/your_dir/shrec21/subtomo/3/3D2F_9_319_332_275.mrc,3
/your_dir/shrec21/subtomo/3/3D2F_9_233_164_216.mrc,3
/your_dir/shrec21/subtomo/3/3D2F_9_106_24_273.mrc,3
/your_dir/shrec21/subtomo/3/3D2F_9_388_364_236.mrc,3
/your_dir/shrec21/subtomo/3/3D2F_9_482_90_305.mrc,3
/your_dir/shrec21/subtomo/3/3D2F_9_320_344_253.mrc,3
/your_dir/shrec21/subtomo/3/3D2F_9_378_213_307.mrc,3
/your_dir/shrec21/subtomo/3/3D2F_9_489_153_181.mrc,3
/your_dir/shrec21/subtomo/3/3D2F_9_18_45_227.mrc,3
/your_dir/shrec21/subtomo/3/3D2F_9_144_180_288.mrc,3
/your_dir/shrec21/subtomo/3/3D2F_9_352_398_263.mrc,3
/your_dir/shrec21/subtomo/3/3D2F_9_103_105_245.mrc,3
/your_dir/shrec21/subtomo/3/3D2F_9_327_114_237.mrc,3
/your_dir/shrec21/subtomo/3/3D2F_9_212_345_209.mrc,3
/your_dir/shrec21/subtomo/3/3D2F_9_155_48_199.mrc,3
/your_dir/shrec21/subtomo/3/3D2F_9_187_315_204.mrc,3
/your_dir/shrec21/subtomo/3/3D2F_9_110_214_246.mrc,3
/your_dir/shrec21/subtomo/3/3D2F_9_493_383_311.mrc,3
/your_dir/shrec21/subtomo/3/3D2F_9_38_112_299.mrc,3
/your_dir/shrec21/subtomo/3/3D2F_9_356_244_203.mrc,3
/your_dir/shrec21/subtomo/3/3D2F_9_188_300_303.mrc,3
/your_dir/shrec21/subtomo/3/3D2F_9_106_184_180.mrc,3
/your_dir/shrec21/subtomo/3/3D2F_9_390_181_248.mrc,3
/your_dir/shrec21/subtomo/3/3D2F_9_109_378_325.mrc,3
/your_dir/shrec21/subtomo/4/3H84_9_470_352_314.mrc,4
/your_dir/shrec21/subtomo/4/3H84_9_399_58_199.mrc,4
/your_dir/shrec21/subtomo/4/3H84_9_279_328_294.mrc,4
/your_dir/shrec21/subtomo/4/3H84_9_362_288_268.mrc,4
/your_dir/shrec21/subtomo/4/3H84_9_347_380_235.mrc,4
/your_dir/shrec21/subtomo/4/3H84_9_328_426_319.mrc,4
/your_dir/shrec21/subtomo/4/3H84_9_342_184_268.mrc,4
/your_dir/shrec21/subtomo/4/3H84_9_175_484_334.mrc,4
/your_dir/shrec21/subtomo/4/3H84_9_343_470_288.mrc,4
/your_dir/shrec21/subtomo/4/3H84_9_28_197_213.mrc,4
/your_dir/shrec21/subtomo/4/3H84_9_282_445_268.mrc,4
/your_dir/shrec21/subtomo/4/3H84_9_183_347_251.mrc,4
/your_dir/shrec21/subtomo/4/3H84_9_199_412_198.mrc,4
/your_dir/shrec21/subtomo/4/3H84_9_114_152_283.mrc,4
/your_dir/shrec21/subtomo/4/3H84_9_491_21_278.mrc,4
/your_dir/shrec21/subtomo/4/3H84_9_446_401_193.mrc,4
/your_dir/shrec21/subtomo/4/3H84_9_205_395_179.mrc,4
/your_dir/shrec21/subtomo/4/3H84_9_190_476_250.mrc,4
/your_dir/shrec21/subtomo/4/3H84_9_37_391_299.mrc,4
/your_dir/shrec21/subtomo/4/3H84_9_142_329_318.mrc,4
/your_dir/shrec21/subtomo/4/3H84_9_208_347_226.mrc,4
/your_dir/shrec21/subtomo/4/3H84_9_453_178_291.mrc,4
/your_dir/shrec21/subtomo/4/3H84_9_358_199_318.mrc,4
/your_dir/shrec21/subtomo/4/3H84_9_431_125_315.mrc,4
/your_dir/shrec21/subtomo/4/3H84_9_364_458_187.mrc,4
/your_dir/shrec21/subtomo/4/3H84_9_64_466_280.mrc,4
/your_dir/shrec21/subtomo/4/3H84_9_279_371_265.mrc,4
/your_dir/shrec21/subtomo/4/3H84_9_470_445_246.mrc,4
/your_dir/shrec21/subtomo/4/3H84_9_215_220_180.mrc,4
/your_dir/shrec21/subtomo/4/3H84_9_134_115_214.mrc,4
/your_dir/shrec21/subtomo/4/3H84_9_18_109_316.mrc,4
/your_dir/shrec21/subtomo/4/3H84_9_22_402_207.mrc,4
/your_dir/shrec21/subtomo/4/3H84_9_270_376_239.mrc,4
/your_dir/shrec21/subtomo/4/3H84_9_305_460_208.mrc,4
/your_dir/shrec21/subtomo/4/3H84_9_189_31_227.mrc,4
/your_dir/shrec21/subtomo/4/3H84_9_179_427_231.mrc,4
/your_dir/shrec21/subtomo/4/3H84_9_217_210_203.mrc,4
/your_dir/shrec21/subtomo/4/3H84_9_138_185_222.mrc,4
/your_dir/shrec21/subtomo/4/3H84_9_377_293_277.mrc,4
/your_dir/shrec21/subtomo/4/3H84_9_334_204_313.mrc,4
/your_dir/shrec21/subtomo/4/3H84_9_318_116_284.mrc,4
/your_dir/shrec21/subtomo/4/3H84_9_66_468_242.mrc,4
/your_dir/shrec21/subtomo/4/3H84_9_57_178_316.mrc,4
/your_dir/shrec21/subtomo/4/3H84_9_237_116_307.mrc,4
/your_dir/shrec21/subtomo/4/3H84_9_334_88_221.mrc,4
/your_dir/shrec21/subtomo/4/3H84_9_29_19_261.mrc,4
/your_dir/shrec21/subtomo/4/3H84_9_364_253_313.mrc,4
/your_dir/shrec21/subtomo/4/3H84_9_485_127_265.mrc,4
/your_dir/shrec21/subtomo/4/3H84_9_258_479_204.mrc,4
/your_dir/shrec21/subtomo/4/3H84_9_140_418_267.mrc,4
/your_dir/shrec21/subtomo/4/3H84_9_435_204_209.mrc,4
/your_dir/shrec21/subtomo/4/3H84_9_88_281_232.mrc,4
/your_dir/shrec21/subtomo/4/3H84_9_30_402_196.mrc,4
/your_dir/shrec21/subtomo/4/3H84_9_43_274_308.mrc,4
/your_dir/shrec21/subtomo/4/3H84_9_297_76_248.mrc,4
/your_dir/shrec21/subtomo/4/3H84_9_170_76_326.mrc,4
/your_dir/shrec21/subtomo/4/3H84_9_117_191_249.mrc,4
/your_dir/shrec21/subtomo/4/3H84_9_112_406_219.mrc,4
/your_dir/shrec21/subtomo/4/3H84_9_452_463_274.mrc,4
/your_dir/shrec21/subtomo/4/3H84_9_447_442_247.mrc,4
/your_dir/shrec21/subtomo/4/3H84_9_441_80_322.mrc,4
/your_dir/shrec21/subtomo/4/3H84_9_358_292_295.mrc,4
/your_dir/shrec21/subtomo/4/3H84_9_375_360_207.mrc,4
/your_dir/shrec21/subtomo/4/3H84_9_444_383_273.mrc,4
/your_dir/shrec21/subtomo/4/3H84_9_410_485_252.mrc,4
/your_dir/shrec21/subtomo/4/3H84_9_493_117_284.mrc,4
/your_dir/shrec21/subtomo/4/3H84_9_413_425_270.mrc,4
/your_dir/shrec21/subtomo/4/3H84_9_241_102_291.mrc,4
/your_dir/shrec21/subtomo/4/3H84_9_178_426_286.mrc,4
/your_dir/shrec21/subtomo/4/3H84_9_435_146_224.mrc,4
/your_dir/shrec21/subtomo/4/3H84_9_412_339_275.mrc,4
/your_dir/shrec21/subtomo/4/3H84_9_434_159_315.mrc,4
/your_dir/shrec21/subtomo/4/3H84_9_198_417_274.mrc,4
/your_dir/shrec21/subtomo/4/3H84_9_409_375_196.mrc,4
/your_dir/shrec21/subtomo/4/3H84_9_254_257_192.mrc,4
/your_dir/shrec21/subtomo/4/3H84_9_338_319_313.mrc,4
/your_dir/shrec21/subtomo/4/3H84_9_240_381_242.mrc,4
/your_dir/shrec21/subtomo/4/3H84_9_286_313_263.mrc,4
/your_dir/shrec21/subtomo/4/3H84_9_172_357_191.mrc,4
/your_dir/shrec21/subtomo/4/3H84_9_251_203_302.mrc,4
/your_dir/shrec21/subtomo/4/3H84_9_271_230_212.mrc,4
/your_dir/shrec21/subtomo/4/3H84_9_136_240_204.mrc,4
/your_dir/shrec21/subtomo/4/3H84_9_182_102_303.mrc,4
/your_dir/shrec21/subtomo/4/3H84_9_62_425_268.mrc,4
/your_dir/shrec21/subtomo/4/3H84_9_284_199_295.mrc,4
/your_dir/shrec21/subtomo/4/3H84_9_402_238_213.mrc,4
/your_dir/shrec21/subtomo/4/3H84_9_157_389_305.mrc,4
/your_dir/shrec21/subtomo/4/3H84_9_107_374_227.mrc,4
/your_dir/shrec21/subtomo/4/3H84_9_196_68_331.mrc,4
/your_dir/shrec21/subtomo/4/3H84_9_95_295_242.mrc,4
/your_dir/shrec21/subtomo/4/3H84_9_489_125_230.mrc,4
/your_dir/shrec21/subtomo/4/3H84_9_229_281_260.mrc,4
/your_dir/shrec21/subtomo/4/3H84_9_333_123_244.mrc,4
/your_dir/shrec21/subtomo/4/3H84_9_396_276_278.mrc,4
/your_dir/shrec21/subtomo/4/3H84_9_355_350_251.mrc,4
/your_dir/shrec21/subtomo/4/3H84_9_361_428_259.mrc,4
/your_dir/shrec21/subtomo/4/3H84_9_70_89_252.mrc,4
/your_dir/shrec21/subtomo/4/3H84_9_67_197_272.mrc,4
/your_dir/shrec21/subtomo/4/3H84_9_194_217_230.mrc,4
/your_dir/shrec21/subtomo/4/3H84_9_386_232_211.mrc,4
/your_dir/shrec21/subtomo/4/3H84_9_234_340_281.mrc,4
/your_dir/shrec21/subtomo/4/3H84_9_137_302_240.mrc,4
/your_dir/shrec21/subtomo/4/3H84_9_464_240_242.mrc,4
/your_dir/shrec21/subtomo/4/3H84_9_161_94_270.mrc,4
/your_dir/shrec21/subtomo/4/3H84_9_450_54_210.mrc,4
/your_dir/shrec21/subtomo/4/3H84_9_180_98_330.mrc,4
/your_dir/shrec21/subtomo/4/3H84_9_283_53_265.mrc,4
/your_dir/shrec21/subtomo/4/3H84_9_130_45_181.mrc,4
/your_dir/shrec21/subtomo/4/3H84_9_262_280_279.mrc,4
/your_dir/shrec21/subtomo/4/3H84_9_353_117_187.mrc,4
/your_dir/shrec21/subtomo/4/3H84_9_355_417_249.mrc,4
/your_dir/shrec21/subtomo/4/3H84_9_43_398_214.mrc,4
/your_dir/shrec21/subtomo/4/3H84_9_358_473_319.mrc,4
/your_dir/shrec21/subtomo/4/3H84_9_411_236_276.mrc,4
/your_dir/shrec21/subtomo/4/3H84_9_41_262_281.mrc,4
/your_dir/shrec21/subtomo/4/3H84_9_139_189_264.mrc,4
/your_dir/shrec21/subtomo/4/3H84_9_480_87_208.mrc,4
/your_dir/shrec21/subtomo/4/3H84_9_407_428_280.mrc,4
/your_dir/shrec21/subtomo/4/3H84_9_98_172_186.mrc,4
/your_dir/shrec21/subtomo/4/3H84_9_480_301_232.mrc,4
/your_dir/shrec21/subtomo/4/3H84_9_446_489_199.mrc,4
/your_dir/shrec21/subtomo/4/3H84_9_59_191_334.mrc,4
/your_dir/shrec21/subtomo/4/3H84_9_407_354_264.mrc,4
/your_dir/shrec21/subtomo/4/3H84_9_53_207_299.mrc,4
/your_dir/shrec21/subtomo/4/3H84_9_248_168_191.mrc,4
/your_dir/shrec21/subtomo/4/3H84_9_418_429_196.mrc,4
/your_dir/shrec21/subtomo/4/3H84_9_23_291_329.mrc,4
/your_dir/shrec21/subtomo/4/3H84_9_209_291_212.mrc,4
/your_dir/shrec21/subtomo/4/3H84_9_96_465_289.mrc,4
/your_dir/shrec21/subtomo/4/3H84_9_285_275_200.mrc,4
/your_dir/shrec21/subtomo/4/3H84_9_93_124_190.mrc,4
/your_dir/shrec21/subtomo/4/3H84_9_441_182_199.mrc,4
/your_dir/shrec21/subtomo/4/3H84_9_100_147_290.mrc,4
/your_dir/shrec21/subtomo/4/3H84_9_126_46_213.mrc,4
/your_dir/shrec21/subtomo/4/3H84_9_353_225_206.mrc,4
/your_dir/shrec21/subtomo/4/3H84_9_51_480_312.mrc,4
/your_dir/shrec21/subtomo/4/3H84_9_55_407_256.mrc,4
/your_dir/shrec21/subtomo/5/4CR2_9_61_398_233.mrc,5
/your_dir/shrec21/subtomo/5/4CR2_9_414_259_248.mrc,5
/your_dir/shrec21/subtomo/5/4CR2_9_207_128_288.mrc,5
/your_dir/shrec21/subtomo/5/4CR2_9_32_332_252.mrc,5
/your_dir/shrec21/subtomo/5/4CR2_9_169_378_253.mrc,5
/your_dir/shrec21/subtomo/5/4CR2_9_243_41_244.mrc,5
/your_dir/shrec21/subtomo/5/4CR2_9_51_281_222.mrc,5
/your_dir/shrec21/subtomo/5/4CR2_9_490_20_322.mrc,5
/your_dir/shrec21/subtomo/5/4CR2_9_32_465_295.mrc,5
/your_dir/shrec21/subtomo/5/4CR2_9_184_404_283.mrc,5
/your_dir/shrec21/subtomo/5/4CR2_9_405_459_213.mrc,5
/your_dir/shrec21/subtomo/5/4CR2_9_40_406_280.mrc,5
/your_dir/shrec21/subtomo/5/4CR2_9_450_440_207.mrc,5
/your_dir/shrec21/subtomo/5/4CR2_9_464_160_229.mrc,5
/your_dir/shrec21/subtomo/5/4CR2_9_285_156_185.mrc,5
/your_dir/shrec21/subtomo/5/4CR2_9_405_82_287.mrc,5
/your_dir/shrec21/subtomo/5/4CR2_9_61_132_211.mrc,5
/your_dir/shrec21/subtomo/5/4CR2_9_205_368_328.mrc,5
/your_dir/shrec21/subtomo/5/4CR2_9_199_201_328.mrc,5
/your_dir/shrec21/subtomo/5/4CR2_9_220_492_284.mrc,5
/your_dir/shrec21/subtomo/5/4CR2_9_208_425_323.mrc,5
/your_dir/shrec21/subtomo/5/4CR2_9_113_71_294.mrc,5
/your_dir/shrec21/subtomo/5/4CR2_9_45_96_183.mrc,5
/your_dir/shrec21/subtomo/5/4CR2_9_291_456_285.mrc,5
/your_dir/shrec21/subtomo/5/4CR2_9_80_486_317.mrc,5
/your_dir/shrec21/subtomo/5/4CR2_9_165_404_297.mrc,5
/your_dir/shrec21/subtomo/5/4CR2_9_486_73_201.mrc,5
/your_dir/shrec21/subtomo/5/4CR2_9_142_269_313.mrc,5
/your_dir/shrec21/subtomo/5/4CR2_9_89_355_191.mrc,5
/your_dir/shrec21/subtomo/5/4CR2_9_412_321_206.mrc,5
/your_dir/shrec21/subtomo/5/4CR2_9_343_286_243.mrc,5
/your_dir/shrec21/subtomo/5/4CR2_9_186_186_248.mrc,5
/your_dir/shrec21/subtomo/5/4CR2_9_157_332_207.mrc,5
/your_dir/shrec21/subtomo/5/4CR2_9_162_75_192.mrc,5
/your_dir/shrec21/subtomo/5/4CR2_9_48_153_307.mrc,5
/your_dir/shrec21/subtomo/5/4CR2_9_261_85_211.mrc,5
/your_dir/shrec21/subtomo/5/4CR2_9_371_334_283.mrc,5
/your_dir/shrec21/subtomo/5/4CR2_9_454_86_211.mrc,5
/your_dir/shrec21/subtomo/5/4CR2_9_491_107_313.mrc,5
/your_dir/shrec21/subtomo/5/4CR2_9_233_487_265.mrc,5
/your_dir/shrec21/subtomo/5/4CR2_9_88_192_315.mrc,5
/your_dir/shrec21/subtomo/5/4CR2_9_305_49_232.mrc,5
/your_dir/shrec21/subtomo/5/4CR2_9_487_481_223.mrc,5
/your_dir/shrec21/subtomo/5/4CR2_9_427_480_216.mrc,5
/your_dir/shrec21/subtomo/5/4CR2_9_49_297_264.mrc,5
/your_dir/shrec21/subtomo/5/4CR2_9_239_347_311.mrc,5
/your_dir/shrec21/subtomo/5/4CR2_9_471_89_243.mrc,5
/your_dir/shrec21/subtomo/5/4CR2_9_301_438_315.mrc,5
/your_dir/shrec21/subtomo/5/4CR2_9_204_29_285.mrc,5
/your_dir/shrec21/subtomo/5/4CR2_9_363_203_221.mrc,5
/your_dir/shrec21/subtomo/5/4CR2_9_220_108_278.mrc,5
/your_dir/shrec21/subtomo/5/4CR2_9_442_487_269.mrc,5
/your_dir/shrec21/subtomo/5/4CR2_9_48_469_231.mrc,5
/your_dir/shrec21/subtomo/5/4CR2_9_80_34_212.mrc,5
/your_dir/shrec21/subtomo/5/4CR2_9_317_18_268.mrc,5
/your_dir/shrec21/subtomo/5/4CR2_9_75_34_293.mrc,5
/your_dir/shrec21/subtomo/5/4CR2_9_296_147_305.mrc,5
/your_dir/shrec21/subtomo/5/4CR2_9_69_315_289.mrc,5
/your_dir/shrec21/subtomo/5/4CR2_9_261_435_326.mrc,5
/your_dir/shrec21/subtomo/5/4CR2_9_308_284_195.mrc,5
/your_dir/shrec21/subtomo/5/4CR2_9_461_27_266.mrc,5
/your_dir/shrec21/subtomo/5/4CR2_9_458_463_324.mrc,5
/your_dir/shrec21/subtomo/5/4CR2_9_346_413_268.mrc,5
/your_dir/shrec21/subtomo/5/4CR2_9_434_372_194.mrc,5
/your_dir/shrec21/subtomo/5/4CR2_9_257_377_320.mrc,5
/your_dir/shrec21/subtomo/5/4CR2_9_95_401_271.mrc,5
/your_dir/shrec21/subtomo/5/4CR2_9_48_309_242.mrc,5
/your_dir/shrec21/subtomo/5/4CR2_9_60_261_219.mrc,5
/your_dir/shrec21/subtomo/5/4CR2_9_426_172_185.mrc,5
/your_dir/shrec21/subtomo/5/4CR2_9_266_17_290.mrc,5
/your_dir/shrec21/subtomo/5/4CR2_9_203_101_319.mrc,5
/your_dir/shrec21/subtomo/5/4CR2_9_452_473_295.mrc,5
/your_dir/shrec21/subtomo/5/4CR2_9_209_325_225.mrc,5
/your_dir/shrec21/subtomo/5/4CR2_9_338_100_285.mrc,5
/your_dir/shrec21/subtomo/5/4CR2_9_220_354_187.mrc,5
/your_dir/shrec21/subtomo/5/4CR2_9_462_383_283.mrc,5
/your_dir/shrec21/subtomo/5/4CR2_9_473_27_224.mrc,5
/your_dir/shrec21/subtomo/5/4CR2_9_126_51_272.mrc,5
/your_dir/shrec21/subtomo/5/4CR2_9_297_203_270.mrc,5
/your_dir/shrec21/subtomo/5/4CR2_9_298_477_245.mrc,5
/your_dir/shrec21/subtomo/5/4CR2_9_46_294_187.mrc,5
/your_dir/shrec21/subtomo/5/4CR2_9_362_64_218.mrc,5
/your_dir/shrec21/subtomo/5/4CR2_9_102_272_276.mrc,5
/your_dir/shrec21/subtomo/5/4CR2_9_336_264_233.mrc,5
/your_dir/shrec21/subtomo/5/4CR2_9_276_61_296.mrc,5
/your_dir/shrec21/subtomo/5/4CR2_9_185_58_216.mrc,5
/your_dir/shrec21/subtomo/5/4CR2_9_294_218_255.mrc,5
/your_dir/shrec21/subtomo/5/4CR2_9_228_426_319.mrc,5
/your_dir/shrec21/subtomo/5/4CR2_9_188_328_290.mrc,5
/your_dir/shrec21/subtomo/5/4CR2_9_220_61_274.mrc,5
/your_dir/shrec21/subtomo/5/4CR2_9_417_57_261.mrc,5
/your_dir/shrec21/subtomo/5/4CR2_9_186_125_243.mrc,5
/your_dir/shrec21/subtomo/5/4CR2_9_156_469_274.mrc,5
/your_dir/shrec21/subtomo/5/4CR2_9_98_371_305.mrc,5
/your_dir/shrec21/subtomo/5/4CR2_9_78_182_210.mrc,5
/your_dir/shrec21/subtomo/5/4CR2_9_25_202_301.mrc,5
/your_dir/shrec21/subtomo/5/4CR2_9_467_290_278.mrc,5
/your_dir/shrec21/subtomo/5/4CR2_9_258_476_255.mrc,5
/your_dir/shrec21/subtomo/5/4CR2_9_301_251_241.mrc,5
/your_dir/shrec21/subtomo/5/4CR2_9_172_184_218.mrc,5
/your_dir/shrec21/subtomo/5/4CR2_9_428_20_248.mrc,5
/your_dir/shrec21/subtomo/5/4CR2_9_426_79_229.mrc,5
/your_dir/shrec21/subtomo/5/4CR2_9_178_23_325.mrc,5
/your_dir/shrec21/subtomo/5/4CR2_9_433_203_297.mrc,5
/your_dir/shrec21/subtomo/5/4CR2_9_167_372_308.mrc,5
/your_dir/shrec21/subtomo/5/4CR2_9_447_246_213.mrc,5
/your_dir/shrec21/subtomo/5/4CR2_9_235_186_243.mrc,5
/your_dir/shrec21/subtomo/5/4CR2_9_18_491_326.mrc,5
/your_dir/shrec21/subtomo/5/4CR2_9_190_351_221.mrc,5
/your_dir/shrec21/subtomo/5/4CR2_9_275_259_212.mrc,5
/your_dir/shrec21/subtomo/5/4CR2_9_428_399_230.mrc,5
/your_dir/shrec21/subtomo/5/4CR2_9_32_326_217.mrc,5
/your_dir/shrec21/subtomo/5/4CR2_9_179_233_316.mrc,5
/your_dir/shrec21/subtomo/5/4CR2_9_256_489_313.mrc,5
/your_dir/shrec21/subtomo/5/4CR2_9_472_379_189.mrc,5
/your_dir/shrec21/subtomo/6/1QVR_9_346_18_214.mrc,6
/your_dir/shrec21/subtomo/6/1QVR_9_45_237_303.mrc,6
/your_dir/shrec21/subtomo/6/1QVR_9_479_371_233.mrc,6
/your_dir/shrec21/subtomo/6/1QVR_9_82_141_284.mrc,6
/your_dir/shrec21/subtomo/6/1QVR_9_296_34_272.mrc,6
/your_dir/shrec21/subtomo/6/1QVR_9_401_167_317.mrc,6
/your_dir/shrec21/subtomo/6/1QVR_9_192_454_328.mrc,6
/your_dir/shrec21/subtomo/6/1QVR_9_278_280_219.mrc,6
/your_dir/shrec21/subtomo/6/1QVR_9_191_383_219.mrc,6
/your_dir/shrec21/subtomo/6/1QVR_9_281_475_247.mrc,6
/your_dir/shrec21/subtomo/6/1QVR_9_141_81_313.mrc,6
/your_dir/shrec21/subtomo/6/1QVR_9_339_310_232.mrc,6
/your_dir/shrec21/subtomo/6/1QVR_9_159_438_267.mrc,6
/your_dir/shrec21/subtomo/6/1QVR_9_369_494_200.mrc,6
/your_dir/shrec21/subtomo/6/1QVR_9_84_482_276.mrc,6
/your_dir/shrec21/subtomo/6/1QVR_9_254_442_242.mrc,6
/your_dir/shrec21/subtomo/6/1QVR_9_235_70_304.mrc,6
/your_dir/shrec21/subtomo/6/1QVR_9_464_245_293.mrc,6
/your_dir/shrec21/subtomo/6/1QVR_9_166_436_289.mrc,6
/your_dir/shrec21/subtomo/6/1QVR_9_66_153_288.mrc,6
/your_dir/shrec21/subtomo/6/1QVR_9_286_383_219.mrc,6
/your_dir/shrec21/subtomo/6/1QVR_9_336_228_255.mrc,6
/your_dir/shrec21/subtomo/6/1QVR_9_477_158_196.mrc,6
/your_dir/shrec21/subtomo/6/1QVR_9_447_371_328.mrc,6
/your_dir/shrec21/subtomo/6/1QVR_9_59_198_234.mrc,6
/your_dir/shrec21/subtomo/6/1QVR_9_215_181_206.mrc,6
/your_dir/shrec21/subtomo/6/1QVR_9_193_219_313.mrc,6
/your_dir/shrec21/subtomo/6/1QVR_9_105_224_309.mrc,6
/your_dir/shrec21/subtomo/6/1QVR_9_330_334_221.mrc,6
/your_dir/shrec21/subtomo/6/1QVR_9_74_170_264.mrc,6
/your_dir/shrec21/subtomo/6/1QVR_9_102_461_235.mrc,6
/your_dir/shrec21/subtomo/6/1QVR_9_308_228_217.mrc,6
/your_dir/shrec21/subtomo/6/1QVR_9_398_463_233.mrc,6
/your_dir/shrec21/subtomo/6/1QVR_9_201_233_291.mrc,6
/your_dir/shrec21/subtomo/6/1QVR_9_30_87_221.mrc,6
/your_dir/shrec21/subtomo/6/1QVR_9_102_159_255.mrc,6
/your_dir/shrec21/subtomo/6/1QVR_9_355_324_299.mrc,6
/your_dir/shrec21/subtomo/6/1QVR_9_434_84_273.mrc,6
/your_dir/shrec21/subtomo/6/1QVR_9_373_216_186.mrc,6
/your_dir/shrec21/subtomo/6/1QVR_9_92_34_181.mrc,6
/your_dir/shrec21/subtomo/6/1QVR_9_362_270_191.mrc,6
/your_dir/shrec21/subtomo/6/1QVR_9_394_278_234.mrc,6
/your_dir/shrec21/subtomo/6/1QVR_9_193_329_250.mrc,6
/your_dir/shrec21/subtomo/6/1QVR_9_109_483_329.mrc,6
/your_dir/shrec21/subtomo/6/1QVR_9_195_133_266.mrc,6
/your_dir/shrec21/subtomo/6/1QVR_9_466_321_294.mrc,6
/your_dir/shrec21/subtomo/6/1QVR_9_261_390_307.mrc,6
/your_dir/shrec21/subtomo/6/1QVR_9_277_56_238.mrc,6
/your_dir/shrec21/subtomo/6/1QVR_9_22_90_331.mrc,6
/your_dir/shrec21/subtomo/6/1QVR_9_432_493_295.mrc,6
/your_dir/shrec21/subtomo/6/1QVR_9_163_117_209.mrc,6
/your_dir/shrec21/subtomo/6/1QVR_9_333_441_197.mrc,6
/your_dir/shrec21/subtomo/6/1QVR_9_391_211_263.mrc,6
/your_dir/shrec21/subtomo/6/1QVR_9_117_414_324.mrc,6
/your_dir/shrec21/subtomo/6/1QVR_9_390_24_200.mrc,6
/your_dir/shrec21/subtomo/6/1QVR_9_356_119_260.mrc,6
/your_dir/shrec21/subtomo/6/1QVR_9_471_429_331.mrc,6
/your_dir/shrec21/subtomo/6/1QVR_9_253_38_324.mrc,6
/your_dir/shrec21/subtomo/6/1QVR_9_158_492_220.mrc,6
/your_dir/shrec21/subtomo/6/1QVR_9_70_194_244.mrc,6
/your_dir/shrec21/subtomo/6/1QVR_9_291_80_288.mrc,6
/your_dir/shrec21/subtomo/6/1QVR_9_163_204_323.mrc,6
/your_dir/shrec21/subtomo/6/1QVR_9_457_234_314.mrc,6
/your_dir/shrec21/subtomo/6/1QVR_9_57_457_264.mrc,6
/your_dir/shrec21/subtomo/6/1QVR_9_81_223_323.mrc,6
/your_dir/shrec21/subtomo/6/1QVR_9_101_394_306.mrc,6
/your_dir/shrec21/subtomo/6/1QVR_9_319_19_225.mrc,6
/your_dir/shrec21/subtomo/6/1QVR_9_466_219_237.mrc,6
/your_dir/shrec21/subtomo/6/1QVR_9_219_202_329.mrc,6
/your_dir/shrec21/subtomo/6/1QVR_9_218_51_306.mrc,6
/your_dir/shrec21/subtomo/6/1QVR_9_340_293_288.mrc,6
/your_dir/shrec21/subtomo/6/1QVR_9_346_343_294.mrc,6
/your_dir/shrec21/subtomo/6/1QVR_9_310_26_299.mrc,6
/your_dir/shrec21/subtomo/6/1QVR_9_317_209_206.mrc,6
/your_dir/shrec21/subtomo/6/1QVR_9_235_276_311.mrc,6
/your_dir/shrec21/subtomo/6/1QVR_9_486_393_300.mrc,6
/your_dir/shrec21/subtomo/6/1QVR_9_54_481_330.mrc,6
/your_dir/shrec21/subtomo/6/1QVR_9_137_437_309.mrc,6
/your_dir/shrec21/subtomo/6/1QVR_9_20_147_192.mrc,6
/your_dir/shrec21/subtomo/6/1QVR_9_201_186_280.mrc,6
/your_dir/shrec21/subtomo/6/1QVR_9_360_28_187.mrc,6
/your_dir/shrec21/subtomo/6/1QVR_9_227_183_300.mrc,6
/your_dir/shrec21/subtomo/6/1QVR_9_36_230_196.mrc,6
/your_dir/shrec21/subtomo/6/1QVR_9_23_228_237.mrc,6
/your_dir/shrec21/subtomo/6/1QVR_9_235_228_211.mrc,6
/your_dir/shrec21/subtomo/6/1QVR_9_179_22_247.mrc,6
/your_dir/shrec21/subtomo/6/1QVR_9_205_368_231.mrc,6
/your_dir/shrec21/subtomo/6/1QVR_9_470_97_303.mrc,6
/your_dir/shrec21/subtomo/6/1QVR_9_446_165_212.mrc,6
/your_dir/shrec21/subtomo/6/1QVR_9_210_53_198.mrc,6
/your_dir/shrec21/subtomo/6/1QVR_9_218_200_277.mrc,6
/your_dir/shrec21/subtomo/6/1QVR_9_88_150_184.mrc,6
/your_dir/shrec21/subtomo/6/1QVR_9_104_44_331.mrc,6
/your_dir/shrec21/subtomo/6/1QVR_9_435_167_331.mrc,6
/your_dir/shrec21/subtomo/6/1QVR_9_424_31_268.mrc,6
/your_dir/shrec21/subtomo/6/1QVR_9_92_52_311.mrc,6
/your_dir/shrec21/subtomo/6/1QVR_9_358_461_274.mrc,6
/your_dir/shrec21/subtomo/6/1QVR_9_448_96_315.mrc,6
/your_dir/shrec21/subtomo/6/1QVR_9_47_349_215.mrc,6
/your_dir/shrec21/subtomo/6/1QVR_9_452_272_297.mrc,6
/your_dir/shrec21/subtomo/6/1QVR_9_33_347_206.mrc,6
/your_dir/shrec21/subtomo/6/1QVR_9_259_98_291.mrc,6
/your_dir/shrec21/subtomo/6/1QVR_9_164_121_275.mrc,6
/your_dir/shrec21/subtomo/6/1QVR_9_431_174_234.mrc,6
/your_dir/shrec21/subtomo/6/1QVR_9_272_396_282.mrc,6
/your_dir/shrec21/subtomo/6/1QVR_9_113_269_317.mrc,6
/your_dir/shrec21/subtomo/6/1QVR_9_160_106_317.mrc,6
/your_dir/shrec21/subtomo/6/1QVR_9_450_89_297.mrc,6
/your_dir/shrec21/subtomo/6/1QVR_9_379_258_188.mrc,6
/your_dir/shrec21/subtomo/6/1QVR_9_202_123_324.mrc,6
/your_dir/shrec21/subtomo/6/1QVR_9_172_488_183.mrc,6
/your_dir/shrec21/subtomo/6/1QVR_9_337_333_309.mrc,6
/your_dir/shrec21/subtomo/6/1QVR_9_345_405_300.mrc,6
/your_dir/shrec21/subtomo/6/1QVR_9_446_488_231.mrc,6
/your_dir/shrec21/subtomo/6/1QVR_9_125_18_277.mrc,6
/your_dir/shrec21/subtomo/6/1QVR_9_361_100_223.mrc,6
/your_dir/shrec21/subtomo/6/1QVR_9_453_418_323.mrc,6
/your_dir/shrec21/subtomo/6/1QVR_9_46_17_332.mrc,6
/your_dir/shrec21/subtomo/6/1QVR_9_470_488_302.mrc,6
/your_dir/shrec21/subtomo/6/1QVR_9_379_157_313.mrc,6
/your_dir/shrec21/subtomo/6/1QVR_9_214_30_186.mrc,6
/your_dir/shrec21/subtomo/6/1QVR_9_320_413_291.mrc,6
/your_dir/shrec21/subtomo/7/1U6G_9_476_449_268.mrc,7
/your_dir/shrec21/subtomo/7/1U6G_9_104_23_335.mrc,7
/your_dir/shrec21/subtomo/7/1U6G_9_402_347_323.mrc,7
/your_dir/shrec21/subtomo/7/1U6G_9_473_78_270.mrc,7
/your_dir/shrec21/subtomo/7/1U6G_9_183_68_267.mrc,7
/your_dir/shrec21/subtomo/7/1U6G_9_110_40_242.mrc,7
/your_dir/shrec21/subtomo/7/1U6G_9_92_468_252.mrc,7
/your_dir/shrec21/subtomo/7/1U6G_9_373_254_288.mrc,7
/your_dir/shrec21/subtomo/7/1U6G_9_105_187_233.mrc,7
/your_dir/shrec21/subtomo/7/1U6G_9_76_406_250.mrc,7
/your_dir/shrec21/subtomo/7/1U6G_9_346_453_222.mrc,7
/your_dir/shrec21/subtomo/7/1U6G_9_124_379_208.mrc,7
/your_dir/shrec21/subtomo/7/1U6G_9_184_119_297.mrc,7
/your_dir/shrec21/subtomo/7/1U6G_9_170_333_186.mrc,7
/your_dir/shrec21/subtomo/7/1U6G_9_325_481_236.mrc,7
/your_dir/shrec21/subtomo/7/1U6G_9_389_224_230.mrc,7
/your_dir/shrec21/subtomo/7/1U6G_9_287_19_263.mrc,7
/your_dir/shrec21/subtomo/7/1U6G_9_348_165_213.mrc,7
/your_dir/shrec21/subtomo/7/1U6G_9_472_386_254.mrc,7
/your_dir/shrec21/subtomo/7/1U6G_9_289_254_222.mrc,7
/your_dir/shrec21/subtomo/7/1U6G_9_23_243_306.mrc,7
/your_dir/shrec21/subtomo/7/1U6G_9_342_103_202.mrc,7
/your_dir/shrec21/subtomo/7/1U6G_9_264_168_182.mrc,7
/your_dir/shrec21/subtomo/7/1U6G_9_101_354_264.mrc,7
/your_dir/shrec21/subtomo/7/1U6G_9_50_282_263.mrc,7
/your_dir/shrec21/subtomo/7/1U6G_9_495_167_325.mrc,7
/your_dir/shrec21/subtomo/7/1U6G_9_191_166_301.mrc,7
/your_dir/shrec21/subtomo/7/1U6G_9_370_292_228.mrc,7
/your_dir/shrec21/subtomo/7/1U6G_9_94_346_215.mrc,7
/your_dir/shrec21/subtomo/7/1U6G_9_388_157_185.mrc,7
/your_dir/shrec21/subtomo/7/1U6G_9_162_33_236.mrc,7
/your_dir/shrec21/subtomo/7/1U6G_9_323_469_194.mrc,7
/your_dir/shrec21/subtomo/7/1U6G_9_436_113_320.mrc,7
/your_dir/shrec21/subtomo/7/1U6G_9_48_56_253.mrc,7
/your_dir/shrec21/subtomo/7/1U6G_9_315_248_256.mrc,7
/your_dir/shrec21/subtomo/7/1U6G_9_438_384_176.mrc,7
/your_dir/shrec21/subtomo/7/1U6G_9_356_101_248.mrc,7
/your_dir/shrec21/subtomo/7/1U6G_9_443_166_281.mrc,7
/your_dir/shrec21/subtomo/7/1U6G_9_459_67_331.mrc,7
/your_dir/shrec21/subtomo/7/1U6G_9_65_114_217.mrc,7
/your_dir/shrec21/subtomo/7/1U6G_9_481_154_332.mrc,7
/your_dir/shrec21/subtomo/7/1U6G_9_337_444_258.mrc,7
/your_dir/shrec21/subtomo/7/1U6G_9_247_122_286.mrc,7
/your_dir/shrec21/subtomo/7/1U6G_9_410_359_329.mrc,7
/your_dir/shrec21/subtomo/7/1U6G_9_315_327_320.mrc,7
/your_dir/shrec21/subtomo/7/1U6G_9_485_278_284.mrc,7
/your_dir/shrec21/subtomo/7/1U6G_9_94_203_209.mrc,7
/your_dir/shrec21/subtomo/7/1U6G_9_22_359_248.mrc,7
/your_dir/shrec21/subtomo/7/1U6G_9_153_481_183.mrc,7
/your_dir/shrec21/subtomo/7/1U6G_9_434_474_273.mrc,7
/your_dir/shrec21/subtomo/7/1U6G_9_113_474_236.mrc,7
/your_dir/shrec21/subtomo/7/1U6G_9_327_260_293.mrc,7
/your_dir/shrec21/subtomo/7/1U6G_9_214_42_178.mrc,7
/your_dir/shrec21/subtomo/7/1U6G_9_255_207_328.mrc,7
/your_dir/shrec21/subtomo/7/1U6G_9_359_135_195.mrc,7
/your_dir/shrec21/subtomo/7/1U6G_9_317_34_215.mrc,7
/your_dir/shrec21/subtomo/7/1U6G_9_288_200_250.mrc,7
/your_dir/shrec21/subtomo/7/1U6G_9_23_448_202.mrc,7
/your_dir/shrec21/subtomo/7/1U6G_9_112_215_280.mrc,7
/your_dir/shrec21/subtomo/7/1U6G_9_495_241_306.mrc,7
/your_dir/shrec21/subtomo/7/1U6G_9_26_471_325.mrc,7
/your_dir/shrec21/subtomo/7/1U6G_9_60_247_188.mrc,7
/your_dir/shrec21/subtomo/7/1U6G_9_116_464_244.mrc,7
/your_dir/shrec21/subtomo/7/1U6G_9_426_173_307.mrc,7
/your_dir/shrec21/subtomo/7/1U6G_9_147_417_192.mrc,7
/your_dir/shrec21/subtomo/7/1U6G_9_468_187_260.mrc,7
/your_dir/shrec21/subtomo/7/1U6G_9_122_206_190.mrc,7
/your_dir/shrec21/subtomo/7/1U6G_9_222_318_211.mrc,7
/your_dir/shrec21/subtomo/7/1U6G_9_144_224_247.mrc,7
/your_dir/shrec21/subtomo/7/1U6G_9_428_222_186.mrc,7
/your_dir/shrec21/subtomo/7/1U6G_9_441_265_335.mrc,7
/your_dir/shrec21/subtomo/7/1U6G_9_440_450_317.mrc,7
/your_dir/shrec21/subtomo/7/1U6G_9_286_70_222.mrc,7
/your_dir/shrec21/subtomo/7/1U6G_9_255_162_310.mrc,7
/your_dir/shrec21/subtomo/7/1U6G_9_466_429_219.mrc,7
/your_dir/shrec21/subtomo/7/1U6G_9_419_61_228.mrc,7
/your_dir/shrec21/subtomo/7/1U6G_9_478_309_258.mrc,7
/your_dir/shrec21/subtomo/7/1U6G_9_137_469_233.mrc,7
/your_dir/shrec21/subtomo/7/1U6G_9_369_287_317.mrc,7
/your_dir/shrec21/subtomo/7/1U6G_9_121_157_181.mrc,7
/your_dir/shrec21/subtomo/7/1U6G_9_46_257_323.mrc,7
/your_dir/shrec21/subtomo/7/1U6G_9_118_299_201.mrc,7
/your_dir/shrec21/subtomo/7/1U6G_9_389_236_270.mrc,7
/your_dir/shrec21/subtomo/7/1U6G_9_282_245_282.mrc,7
/your_dir/shrec21/subtomo/7/1U6G_9_78_105_285.mrc,7
/your_dir/shrec21/subtomo/7/1U6G_9_39_98_262.mrc,7
/your_dir/shrec21/subtomo/7/1U6G_9_137_297_195.mrc,7
/your_dir/shrec21/subtomo/7/1U6G_9_208_305_205.mrc,7
/your_dir/shrec21/subtomo/7/1U6G_9_315_129_212.mrc,7
/your_dir/shrec21/subtomo/7/1U6G_9_236_333_297.mrc,7
/your_dir/shrec21/subtomo/7/1U6G_9_108_339_193.mrc,7
/your_dir/shrec21/subtomo/7/1U6G_9_447_190_188.mrc,7
/your_dir/shrec21/subtomo/7/1U6G_9_307_112_239.mrc,7
/your_dir/shrec21/subtomo/7/1U6G_9_174_86_194.mrc,7
/your_dir/shrec21/subtomo/7/1U6G_9_159_416_181.mrc,7
/your_dir/shrec21/subtomo/7/1U6G_9_78_356_270.mrc,7
/your_dir/shrec21/subtomo/7/1U6G_9_159_292_275.mrc,7
/your_dir/shrec21/subtomo/7/1U6G_9_267_168_271.mrc,7
/your_dir/shrec21/subtomo/7/1U6G_9_482_105_183.mrc,7
/your_dir/shrec21/subtomo/7/1U6G_9_132_311_178.mrc,7
/your_dir/shrec21/subtomo/7/1U6G_9_337_488_206.mrc,7
/your_dir/shrec21/subtomo/7/1U6G_9_194_369_293.mrc,7
/your_dir/shrec21/subtomo/7/1U6G_9_388_450_266.mrc,7
/your_dir/shrec21/subtomo/7/1U6G_9_438_376_220.mrc,7
/your_dir/shrec21/subtomo/7/1U6G_9_290_480_191.mrc,7
/your_dir/shrec21/subtomo/7/1U6G_9_456_439_259.mrc,7
/your_dir/shrec21/subtomo/7/1U6G_9_475_337_225.mrc,7
/your_dir/shrec21/subtomo/7/1U6G_9_40_424_270.mrc,7
/your_dir/shrec21/subtomo/7/1U6G_9_220_222_333.mrc,7
/your_dir/shrec21/subtomo/7/1U6G_9_145_30_242.mrc,7
/your_dir/shrec21/subtomo/7/1U6G_9_66_457_206.mrc,7
/your_dir/shrec21/subtomo/7/1U6G_9_33_24_287.mrc,7
/your_dir/shrec21/subtomo/7/1U6G_9_173_324_204.mrc,7
/your_dir/shrec21/subtomo/7/1U6G_9_356_379_177.mrc,7
/your_dir/shrec21/subtomo/7/1U6G_9_251_186_216.mrc,7
/your_dir/shrec21/subtomo/7/1U6G_9_157_396_214.mrc,7
/your_dir/shrec21/subtomo/7/1U6G_9_176_22_208.mrc,7
/your_dir/shrec21/subtomo/7/1U6G_9_265_295_221.mrc,7
/your_dir/shrec21/subtomo/7/1U6G_9_240_219_197.mrc,7
/your_dir/shrec21/subtomo/7/1U6G_9_285_246_212.mrc,7
/your_dir/shrec21/subtomo/7/1U6G_9_461_32_331.mrc,7
/your_dir/shrec21/subtomo/7/1U6G_9_71_289_226.mrc,7
/your_dir/shrec21/subtomo/7/1U6G_9_244_274_333.mrc,7
/your_dir/shrec21/subtomo/7/1U6G_9_32_458_242.mrc,7
/your_dir/shrec21/subtomo/7/1U6G_9_72_443_334.mrc,7
/your_dir/shrec21/subtomo/7/1U6G_9_69_34_264.mrc,7
/your_dir/shrec21/subtomo/7/1U6G_9_43_26_250.mrc,7
/your_dir/shrec21/subtomo/7/1U6G_9_449_453_236.mrc,7
/your_dir/shrec21/subtomo/7/1U6G_9_315_414_307.mrc,7
/your_dir/shrec21/subtomo/7/1U6G_9_22_253_256.mrc,7
/your_dir/shrec21/subtomo/7/1U6G_9_69_94_183.mrc,7
/your_dir/shrec21/subtomo/8/3CF3_9_58_275_321.mrc,8
/your_dir/shrec21/subtomo/8/3CF3_9_288_232_273.mrc,8
/your_dir/shrec21/subtomo/8/3CF3_9_80_342_240.mrc,8
/your_dir/shrec21/subtomo/8/3CF3_9_319_108_211.mrc,8
/your_dir/shrec21/subtomo/8/3CF3_9_472_281_250.mrc,8
/your_dir/shrec21/subtomo/8/3CF3_9_55_385_285.mrc,8
/your_dir/shrec21/subtomo/8/3CF3_9_75_482_188.mrc,8
/your_dir/shrec21/subtomo/8/3CF3_9_291_263_255.mrc,8
/your_dir/shrec21/subtomo/8/3CF3_9_471_311_238.mrc,8
/your_dir/shrec21/subtomo/8/3CF3_9_331_215_277.mrc,8
/your_dir/shrec21/subtomo/8/3CF3_9_438_469_328.mrc,8
/your_dir/shrec21/subtomo/8/3CF3_9_275_360_217.mrc,8
/your_dir/shrec21/subtomo/8/3CF3_9_206_418_184.mrc,8
/your_dir/shrec21/subtomo/8/3CF3_9_162_20_178.mrc,8
/your_dir/shrec21/subtomo/8/3CF3_9_121_30_300.mrc,8
/your_dir/shrec21/subtomo/8/3CF3_9_383_80_199.mrc,8
/your_dir/shrec21/subtomo/8/3CF3_9_494_202_215.mrc,8
/your_dir/shrec21/subtomo/8/3CF3_9_324_135_326.mrc,8
/your_dir/shrec21/subtomo/8/3CF3_9_299_295_266.mrc,8
/your_dir/shrec21/subtomo/8/3CF3_9_394_94_184.mrc,8
/your_dir/shrec21/subtomo/8/3CF3_9_49_395_249.mrc,8
/your_dir/shrec21/subtomo/8/3CF3_9_353_83_228.mrc,8
/your_dir/shrec21/subtomo/8/3CF3_9_428_314_185.mrc,8
/your_dir/shrec21/subtomo/8/3CF3_9_72_411_274.mrc,8
/your_dir/shrec21/subtomo/8/3CF3_9_375_400_315.mrc,8
/your_dir/shrec21/subtomo/8/3CF3_9_77_484_252.mrc,8
/your_dir/shrec21/subtomo/8/3CF3_9_350_320_244.mrc,8
/your_dir/shrec21/subtomo/8/3CF3_9_185_44_264.mrc,8
/your_dir/shrec21/subtomo/8/3CF3_9_164_115_234.mrc,8
/your_dir/shrec21/subtomo/8/3CF3_9_284_36_256.mrc,8
/your_dir/shrec21/subtomo/8/3CF3_9_457_114_267.mrc,8
/your_dir/shrec21/subtomo/8/3CF3_9_439_389_251.mrc,8
/your_dir/shrec21/subtomo/8/3CF3_9_293_322_249.mrc,8
/your_dir/shrec21/subtomo/8/3CF3_9_449_253_296.mrc,8
/your_dir/shrec21/subtomo/8/3CF3_9_355_215_192.mrc,8
/your_dir/shrec21/subtomo/8/3CF3_9_116_203_321.mrc,8
/your_dir/shrec21/subtomo/8/3CF3_9_378_80_262.mrc,8
/your_dir/shrec21/subtomo/8/3CF3_9_35_461_253.mrc,8
/your_dir/shrec21/subtomo/8/3CF3_9_143_492_199.mrc,8
/your_dir/shrec21/subtomo/8/3CF3_9_154_98_289.mrc,8
/your_dir/shrec21/subtomo/8/3CF3_9_266_428_300.mrc,8
/your_dir/shrec21/subtomo/8/3CF3_9_181_401_221.mrc,8
/your_dir/shrec21/subtomo/8/3CF3_9_188_478_184.mrc,8
/your_dir/shrec21/subtomo/8/3CF3_9_411_274_282.mrc,8
/your_dir/shrec21/subtomo/8/3CF3_9_480_194_334.mrc,8
/your_dir/shrec21/subtomo/8/3CF3_9_254_58_179.mrc,8
/your_dir/shrec21/subtomo/8/3CF3_9_302_124_253.mrc,8
/your_dir/shrec21/subtomo/8/3CF3_9_311_283_273.mrc,8
/your_dir/shrec21/subtomo/8/3CF3_9_310_94_329.mrc,8
/your_dir/shrec21/subtomo/8/3CF3_9_431_168_255.mrc,8
/your_dir/shrec21/subtomo/8/3CF3_9_263_451_284.mrc,8
/your_dir/shrec21/subtomo/8/3CF3_9_226_216_264.mrc,8
/your_dir/shrec21/subtomo/8/3CF3_9_360_174_224.mrc,8
/your_dir/shrec21/subtomo/8/3CF3_9_185_23_202.mrc,8
/your_dir/shrec21/subtomo/8/3CF3_9_233_158_326.mrc,8
/your_dir/shrec21/subtomo/8/3CF3_9_144_372_229.mrc,8
/your_dir/shrec21/subtomo/8/3CF3_9_278_38_302.mrc,8
/your_dir/shrec21/subtomo/8/3CF3_9_429_112_277.mrc,8
/your_dir/shrec21/subtomo/8/3CF3_9_332_201_262.mrc,8
/your_dir/shrec21/subtomo/8/3CF3_9_240_193_332.mrc,8
/your_dir/shrec21/subtomo/8/3CF3_9_113_106_265.mrc,8
/your_dir/shrec21/subtomo/8/3CF3_9_194_165_262.mrc,8
/your_dir/shrec21/subtomo/8/3CF3_9_400_41_231.mrc,8
/your_dir/shrec21/subtomo/8/3CF3_9_90_382_253.mrc,8
/your_dir/shrec21/subtomo/8/3CF3_9_485_52_269.mrc,8
/your_dir/shrec21/subtomo/8/3CF3_9_162_339_304.mrc,8
/your_dir/shrec21/subtomo/8/3CF3_9_306_122_197.mrc,8
/your_dir/shrec21/subtomo/8/3CF3_9_119_187_205.mrc,8
/your_dir/shrec21/subtomo/8/3CF3_9_147_401_285.mrc,8
/your_dir/shrec21/subtomo/8/3CF3_9_347_187_287.mrc,8
/your_dir/shrec21/subtomo/8/3CF3_9_86_320_274.mrc,8
/your_dir/shrec21/subtomo/8/3CF3_9_484_231_318.mrc,8
/your_dir/shrec21/subtomo/8/3CF3_9_134_288_227.mrc,8
/your_dir/shrec21/subtomo/8/3CF3_9_17_107_182.mrc,8
/your_dir/shrec21/subtomo/8/3CF3_9_160_290_182.mrc,8
/your_dir/shrec21/subtomo/8/3CF3_9_349_398_238.mrc,8
/your_dir/shrec21/subtomo/8/3CF3_9_283_134_246.mrc,8
/your_dir/shrec21/subtomo/8/3CF3_9_187_116_315.mrc,8
/your_dir/shrec21/subtomo/8/3CF3_9_136_161_215.mrc,8
/your_dir/shrec21/subtomo/8/3CF3_9_184_294_182.mrc,8
/your_dir/shrec21/subtomo/8/3CF3_9_137_71_289.mrc,8
/your_dir/shrec21/subtomo/8/3CF3_9_319_447_252.mrc,8
/your_dir/shrec21/subtomo/8/3CF3_9_203_337_184.mrc,8
/your_dir/shrec21/subtomo/8/3CF3_9_203_102_190.mrc,8
/your_dir/shrec21/subtomo/8/3CF3_9_279_493_205.mrc,8
/your_dir/shrec21/subtomo/8/3CF3_9_250_444_260.mrc,8
/your_dir/shrec21/subtomo/8/3CF3_9_78_190_300.mrc,8
/your_dir/shrec21/subtomo/8/3CF3_9_268_491_230.mrc,8
/your_dir/shrec21/subtomo/8/3CF3_9_30_367_275.mrc,8
/your_dir/shrec21/subtomo/8/3CF3_9_223_202_307.mrc,8
/your_dir/shrec21/subtomo/8/3CF3_9_85_267_244.mrc,8
/your_dir/shrec21/subtomo/8/3CF3_9_382_378_253.mrc,8
/your_dir/shrec21/subtomo/8/3CF3_9_234_138_184.mrc,8
/your_dir/shrec21/subtomo/8/3CF3_9_61_247_299.mrc,8
/your_dir/shrec21/subtomo/8/3CF3_9_218_453_314.mrc,8
/your_dir/shrec21/subtomo/8/3CF3_9_215_107_256.mrc,8
/your_dir/shrec21/subtomo/8/3CF3_9_37_437_209.mrc,8
/your_dir/shrec21/subtomo/8/3CF3_9_482_432_252.mrc,8
/your_dir/shrec21/subtomo/8/3CF3_9_486_162_216.mrc,8
/your_dir/shrec21/subtomo/8/3CF3_9_236_206_284.mrc,8
/your_dir/shrec21/subtomo/8/3CF3_9_68_359_229.mrc,8
/your_dir/shrec21/subtomo/8/3CF3_9_450_19_317.mrc,8
/your_dir/shrec21/subtomo/8/3CF3_9_42_292_209.mrc,8
/your_dir/shrec21/subtomo/8/3CF3_9_426_236_183.mrc,8
/your_dir/shrec21/subtomo/8/3CF3_9_363_304_201.mrc,8
/your_dir/shrec21/subtomo/8/3CF3_9_256_451_320.mrc,8
/your_dir/shrec21/subtomo/8/3CF3_9_398_483_236.mrc,8
/your_dir/shrec21/subtomo/8/3CF3_9_426_36_289.mrc,8
/your_dir/shrec21/subtomo/8/3CF3_9_141_29_183.mrc,8
/your_dir/shrec21/subtomo/8/3CF3_9_130_19_240.mrc,8
/your_dir/shrec21/subtomo/8/3CF3_9_339_233_328.mrc,8
/your_dir/shrec21/subtomo/8/3CF3_9_212_474_290.mrc,8
/your_dir/shrec21/subtomo/8/3CF3_9_331_163_326.mrc,8
/your_dir/shrec21/subtomo/8/3CF3_9_282_69_275.mrc,8
/your_dir/shrec21/subtomo/8/3CF3_9_26_375_242.mrc,8
/your_dir/shrec21/subtomo/8/3CF3_9_288_90_305.mrc,8
/your_dir/shrec21/subtomo/8/3CF3_9_292_493_320.mrc,8
/your_dir/shrec21/subtomo/8/3CF3_9_147_62_263.mrc,8
/your_dir/shrec21/subtomo/8/3CF3_9_364_455_296.mrc,8
/your_dir/shrec21/subtomo/8/3CF3_9_237_150_198.mrc,8
/your_dir/shrec21/subtomo/8/3CF3_9_330_491_282.mrc,8
/your_dir/shrec21/subtomo/8/3CF3_9_207_404_284.mrc,8
/your_dir/shrec21/subtomo/8/3CF3_9_328_188_287.mrc,8
/your_dir/shrec21/subtomo/8/3CF3_9_460_38_234.mrc,8
/your_dir/shrec21/subtomo/8/3CF3_9_488_275_189.mrc,8
/your_dir/shrec21/subtomo/8/3CF3_9_167_165_201.mrc,8
/your_dir/shrec21/subtomo/8/3CF3_9_338_129_194.mrc,8
/your_dir/shrec21/subtomo/8/3CF3_9_443_324_239.mrc,8
/your_dir/shrec21/subtomo/9/3GL1_9_19_70_244.mrc,9
/your_dir/shrec21/subtomo/9/3GL1_9_363_190_306.mrc,9
/your_dir/shrec21/subtomo/9/3GL1_9_451_225_268.mrc,9
/your_dir/shrec21/subtomo/9/3GL1_9_225_374_214.mrc,9
/your_dir/shrec21/subtomo/9/3GL1_9_270_465_335.mrc,9
/your_dir/shrec21/subtomo/9/3GL1_9_375_273_276.mrc,9
/your_dir/shrec21/subtomo/9/3GL1_9_393_358_215.mrc,9
/your_dir/shrec21/subtomo/9/3GL1_9_215_220_298.mrc,9
/your_dir/shrec21/subtomo/9/3GL1_9_120_113_234.mrc,9
/your_dir/shrec21/subtomo/9/3GL1_9_141_282_270.mrc,9
/your_dir/shrec21/subtomo/9/3GL1_9_46_186_195.mrc,9
/your_dir/shrec21/subtomo/9/3GL1_9_180_155_211.mrc,9
/your_dir/shrec21/subtomo/9/3GL1_9_167_283_239.mrc,9
/your_dir/shrec21/subtomo/9/3GL1_9_281_485_276.mrc,9
/your_dir/shrec21/subtomo/9/3GL1_9_407_94_309.mrc,9
/your_dir/shrec21/subtomo/9/3GL1_9_203_407_319.mrc,9
/your_dir/shrec21/subtomo/9/3GL1_9_331_257_174.mrc,9
/your_dir/shrec21/subtomo/9/3GL1_9_205_324_272.mrc,9
/your_dir/shrec21/subtomo/9/3GL1_9_110_47_315.mrc,9
/your_dir/shrec21/subtomo/9/3GL1_9_278_455_308.mrc,9
/your_dir/shrec21/subtomo/9/3GL1_9_255_281_177.mrc,9
/your_dir/shrec21/subtomo/9/3GL1_9_274_354_327.mrc,9
/your_dir/shrec21/subtomo/9/3GL1_9_43_168_293.mrc,9
/your_dir/shrec21/subtomo/9/3GL1_9_293_391_228.mrc,9
/your_dir/shrec21/subtomo/9/3GL1_9_332_436_267.mrc,9
/your_dir/shrec21/subtomo/9/3GL1_9_474_491_177.mrc,9
/your_dir/shrec21/subtomo/9/3GL1_9_60_348_236.mrc,9
/your_dir/shrec21/subtomo/9/3GL1_9_196_66_265.mrc,9
/your_dir/shrec21/subtomo/9/3GL1_9_355_79_179.mrc,9
/your_dir/shrec21/subtomo/9/3GL1_9_34_480_310.mrc,9
/your_dir/shrec21/subtomo/9/3GL1_9_29_369_262.mrc,9
/your_dir/shrec21/subtomo/9/3GL1_9_60_377_321.mrc,9
/your_dir/shrec21/subtomo/9/3GL1_9_62_411_188.mrc,9
/your_dir/shrec21/subtomo/9/3GL1_9_478_218_248.mrc,9
/your_dir/shrec21/subtomo/9/3GL1_9_366_361_321.mrc,9
/your_dir/shrec21/subtomo/9/3GL1_9_353_430_292.mrc,9
/your_dir/shrec21/subtomo/9/3GL1_9_93_258_209.mrc,9
/your_dir/shrec21/subtomo/9/3GL1_9_79_128_176.mrc,9
/your_dir/shrec21/subtomo/9/3GL1_9_222_303_203.mrc,9
/your_dir/shrec21/subtomo/9/3GL1_9_268_327_292.mrc,9
/your_dir/shrec21/subtomo/9/3GL1_9_192_126_220.mrc,9
/your_dir/shrec21/subtomo/9/3GL1_9_66_467_194.mrc,9
/your_dir/shrec21/subtomo/9/3GL1_9_66_295_174.mrc,9
/your_dir/shrec21/subtomo/9/3GL1_9_52_359_176.mrc,9
/your_dir/shrec21/subtomo/9/3GL1_9_309_371_237.mrc,9
/your_dir/shrec21/subtomo/9/3GL1_9_253_89_334.mrc,9
/your_dir/shrec21/subtomo/9/3GL1_9_207_453_269.mrc,9
/your_dir/shrec21/subtomo/9/3GL1_9_316_29_283.mrc,9
/your_dir/shrec21/subtomo/9/3GL1_9_441_365_216.mrc,9
/your_dir/shrec21/subtomo/9/3GL1_9_252_355_313.mrc,9
/your_dir/shrec21/subtomo/9/3GL1_9_250_392_212.mrc,9
/your_dir/shrec21/subtomo/9/3GL1_9_77_410_230.mrc,9
/your_dir/shrec21/subtomo/9/3GL1_9_386_133_203.mrc,9
/your_dir/shrec21/subtomo/9/3GL1_9_306_281_214.mrc,9
/your_dir/shrec21/subtomo/9/3GL1_9_360_41_204.mrc,9
/your_dir/shrec21/subtomo/9/3GL1_9_243_493_217.mrc,9
/your_dir/shrec21/subtomo/9/3GL1_9_407_20_226.mrc,9
/your_dir/shrec21/subtomo/9/3GL1_9_355_408_216.mrc,9
/your_dir/shrec21/subtomo/9/3GL1_9_343_257_201.mrc,9
/your_dir/shrec21/subtomo/9/3GL1_9_410_417_278.mrc,9
/your_dir/shrec21/subtomo/9/3GL1_9_222_246_302.mrc,9
/your_dir/shrec21/subtomo/9/3GL1_9_326_104_197.mrc,9
/your_dir/shrec21/subtomo/9/3GL1_9_254_83_274.mrc,9
/your_dir/shrec21/subtomo/9/3GL1_9_331_124_223.mrc,9
/your_dir/shrec21/subtomo/9/3GL1_9_35_414_299.mrc,9
/your_dir/shrec21/subtomo/9/3GL1_9_353_351_281.mrc,9
/your_dir/shrec21/subtomo/9/3GL1_9_314_232_335.mrc,9
/your_dir/shrec21/subtomo/9/3GL1_9_52_88_224.mrc,9
/your_dir/shrec21/subtomo/9/3GL1_9_302_85_295.mrc,9
/your_dir/shrec21/subtomo/9/3GL1_9_123_377_250.mrc,9
/your_dir/shrec21/subtomo/9/3GL1_9_349_305_290.mrc,9
/your_dir/shrec21/subtomo/9/3GL1_9_273_170_222.mrc,9
/your_dir/shrec21/subtomo/9/3GL1_9_64_154_191.mrc,9
/your_dir/shrec21/subtomo/9/3GL1_9_198_459_249.mrc,9
/your_dir/shrec21/subtomo/9/3GL1_9_302_114_318.mrc,9
/your_dir/shrec21/subtomo/9/3GL1_9_290_433_337.mrc,9
/your_dir/shrec21/subtomo/9/3GL1_9_17_28_336.mrc,9
/your_dir/shrec21/subtomo/9/3GL1_9_46_272_234.mrc,9
/your_dir/shrec21/subtomo/9/3GL1_9_206_85_207.mrc,9
/your_dir/shrec21/subtomo/9/3GL1_9_277_177_312.mrc,9
/your_dir/shrec21/subtomo/9/3GL1_9_422_242_274.mrc,9
/your_dir/shrec21/subtomo/9/3GL1_9_200_477_208.mrc,9
/your_dir/shrec21/subtomo/9/3GL1_9_136_116_261.mrc,9
/your_dir/shrec21/subtomo/9/3GL1_9_32_190_230.mrc,9
/your_dir/shrec21/subtomo/9/3GL1_9_199_432_196.mrc,9
/your_dir/shrec21/subtomo/9/3GL1_9_144_29_285.mrc,9
/your_dir/shrec21/subtomo/9/3GL1_9_350_108_335.mrc,9
/your_dir/shrec21/subtomo/9/3GL1_9_39_485_327.mrc,9
/your_dir/shrec21/subtomo/9/3GL1_9_478_301_195.mrc,9
/your_dir/shrec21/subtomo/9/3GL1_9_269_259_274.mrc,9
/your_dir/shrec21/subtomo/9/3GL1_9_179_46_319.mrc,9
/your_dir/shrec21/subtomo/9/3GL1_9_375_222_278.mrc,9
/your_dir/shrec21/subtomo/9/3GL1_9_417_445_210.mrc,9
/your_dir/shrec21/subtomo/9/3GL1_9_345_309_295.mrc,9
/your_dir/shrec21/subtomo/9/3GL1_9_82_83_179.mrc,9
/your_dir/shrec21/subtomo/9/3GL1_9_112_335_271.mrc,9
/your_dir/shrec21/subtomo/9/3GL1_9_427_146_185.mrc,9
/your_dir/shrec21/subtomo/9/3GL1_9_262_172_223.mrc,9
/your_dir/shrec21/subtomo/9/3GL1_9_112_456_209.mrc,9
/your_dir/shrec21/subtomo/9/3GL1_9_460_386_253.mrc,9
/your_dir/shrec21/subtomo/9/3GL1_9_494_44_270.mrc,9
/your_dir/shrec21/subtomo/9/3GL1_9_56_125_248.mrc,9
/your_dir/shrec21/subtomo/9/3GL1_9_169_437_198.mrc,9
/your_dir/shrec21/subtomo/9/3GL1_9_372_40_195.mrc,9
/your_dir/shrec21/subtomo/9/3GL1_9_458_354_241.mrc,9
/your_dir/shrec21/subtomo/9/3GL1_9_290_241_247.mrc,9
/your_dir/shrec21/subtomo/9/3GL1_9_295_69_321.mrc,9
/your_dir/shrec21/subtomo/9/3GL1_9_289_323_179.mrc,9
/your_dir/shrec21/subtomo/9/3GL1_9_82_437_315.mrc,9
/your_dir/shrec21/subtomo/10/3QM1_9_479_138_210.mrc,10
/your_dir/shrec21/subtomo/10/3QM1_9_471_287_293.mrc,10
/your_dir/shrec21/subtomo/10/3QM1_9_300_288_305.mrc,10
/your_dir/shrec21/subtomo/10/3QM1_9_338_170_335.mrc,10
/your_dir/shrec21/subtomo/10/3QM1_9_355_49_200.mrc,10
/your_dir/shrec21/subtomo/10/3QM1_9_344_99_192.mrc,10
/your_dir/shrec21/subtomo/10/3QM1_9_459_52_276.mrc,10
/your_dir/shrec21/subtomo/10/3QM1_9_410_454_196.mrc,10
/your_dir/shrec21/subtomo/10/3QM1_9_329_226_183.mrc,10
/your_dir/shrec21/subtomo/10/3QM1_9_250_120_177.mrc,10
/your_dir/shrec21/subtomo/10/3QM1_9_138_444_178.mrc,10
/your_dir/shrec21/subtomo/10/3QM1_9_396_136_228.mrc,10
/your_dir/shrec21/subtomo/10/3QM1_9_197_74_223.mrc,10
/your_dir/shrec21/subtomo/10/3QM1_9_42_348_276.mrc,10
/your_dir/shrec21/subtomo/10/3QM1_9_208_230_264.mrc,10
/your_dir/shrec21/subtomo/10/3QM1_9_237_429_224.mrc,10
/your_dir/shrec21/subtomo/10/3QM1_9_285_354_207.mrc,10
/your_dir/shrec21/subtomo/10/3QM1_9_279_288_316.mrc,10
/your_dir/shrec21/subtomo/10/3QM1_9_190_301_278.mrc,10
/your_dir/shrec21/subtomo/10/3QM1_9_190_432_268.mrc,10
/your_dir/shrec21/subtomo/10/3QM1_9_131_138_193.mrc,10
/your_dir/shrec21/subtomo/10/3QM1_9_306_270_269.mrc,10
/your_dir/shrec21/subtomo/10/3QM1_9_315_377_213.mrc,10
/your_dir/shrec21/subtomo/10/3QM1_9_412_447_185.mrc,10
/your_dir/shrec21/subtomo/10/3QM1_9_431_88_291.mrc,10
/your_dir/shrec21/subtomo/10/3QM1_9_478_249_294.mrc,10
/your_dir/shrec21/subtomo/10/3QM1_9_65_293_209.mrc,10
/your_dir/shrec21/subtomo/10/3QM1_9_141_132_187.mrc,10
/your_dir/shrec21/subtomo/10/3QM1_9_23_174_239.mrc,10
/your_dir/shrec21/subtomo/10/3QM1_9_55_106_181.mrc,10
/your_dir/shrec21/subtomo/10/3QM1_9_152_185_193.mrc,10
/your_dir/shrec21/subtomo/10/3QM1_9_433_194_188.mrc,10
/your_dir/shrec21/subtomo/10/3QM1_9_334_317_297.mrc,10
/your_dir/shrec21/subtomo/10/3QM1_9_349_91_209.mrc,10
/your_dir/shrec21/subtomo/10/3QM1_9_266_63_262.mrc,10
/your_dir/shrec21/subtomo/10/3QM1_9_317_223_310.mrc,10
/your_dir/shrec21/subtomo/10/3QM1_9_113_77_315.mrc,10
/your_dir/shrec21/subtomo/10/3QM1_9_410_96_274.mrc,10
/your_dir/shrec21/subtomo/10/3QM1_9_182_101_230.mrc,10
/your_dir/shrec21/subtomo/10/3QM1_9_229_171_256.mrc,10
/your_dir/shrec21/subtomo/10/3QM1_9_65_218_192.mrc,10
/your_dir/shrec21/subtomo/10/3QM1_9_471_179_224.mrc,10
/your_dir/shrec21/subtomo/10/3QM1_9_193_413_227.mrc,10
/your_dir/shrec21/subtomo/10/3QM1_9_209_73_231.mrc,10
/your_dir/shrec21/subtomo/10/3QM1_9_494_149_199.mrc,10
/your_dir/shrec21/subtomo/10/3QM1_9_484_52_225.mrc,10
/your_dir/shrec21/subtomo/10/3QM1_9_372_257_243.mrc,10
/your_dir/shrec21/subtomo/10/3QM1_9_392_114_212.mrc,10
/your_dir/shrec21/subtomo/10/3QM1_9_147_413_243.mrc,10
/your_dir/shrec21/subtomo/10/3QM1_9_117_372_295.mrc,10
/your_dir/shrec21/subtomo/10/3QM1_9_211_249_325.mrc,10
/your_dir/shrec21/subtomo/10/3QM1_9_79_128_237.mrc,10
/your_dir/shrec21/subtomo/10/3QM1_9_321_176_243.mrc,10
/your_dir/shrec21/subtomo/10/3QM1_9_474_420_246.mrc,10
/your_dir/shrec21/subtomo/10/3QM1_9_325_51_178.mrc,10
/your_dir/shrec21/subtomo/10/3QM1_9_179_42_304.mrc,10
/your_dir/shrec21/subtomo/10/3QM1_9_71_78_303.mrc,10
/your_dir/shrec21/subtomo/10/3QM1_9_186_451_257.mrc,10
/your_dir/shrec21/subtomo/10/3QM1_9_313_344_232.mrc,10
/your_dir/shrec21/subtomo/10/3QM1_9_475_104_327.mrc,10
/your_dir/shrec21/subtomo/10/3QM1_9_414_70_213.mrc,10
/your_dir/shrec21/subtomo/10/3QM1_9_43_47_269.mrc,10
/your_dir/shrec21/subtomo/10/3QM1_9_420_218_318.mrc,10
/your_dir/shrec21/subtomo/10/3QM1_9_198_26_222.mrc,10
/your_dir/shrec21/subtomo/10/3QM1_9_349_252_174.mrc,10
/your_dir/shrec21/subtomo/10/3QM1_9_53_255_285.mrc,10
/your_dir/shrec21/subtomo/10/3QM1_9_136_189_250.mrc,10
/your_dir/shrec21/subtomo/10/3QM1_9_74_221_311.mrc,10
/your_dir/shrec21/subtomo/10/3QM1_9_260_154_262.mrc,10
/your_dir/shrec21/subtomo/10/3QM1_9_197_276_191.mrc,10
/your_dir/shrec21/subtomo/10/3QM1_9_485_282_317.mrc,10
/your_dir/shrec21/subtomo/10/3QM1_9_45_484_207.mrc,10
/your_dir/shrec21/subtomo/10/3QM1_9_307_468_312.mrc,10
/your_dir/shrec21/subtomo/10/3QM1_9_359_370_196.mrc,10
/your_dir/shrec21/subtomo/10/3QM1_9_120_383_185.mrc,10
/your_dir/shrec21/subtomo/10/3QM1_9_376_148_176.mrc,10
/your_dir/shrec21/subtomo/10/3QM1_9_488_410_338.mrc,10
/your_dir/shrec21/subtomo/10/3QM1_9_227_217_245.mrc,10
/your_dir/shrec21/subtomo/10/3QM1_9_405_394_305.mrc,10
/your_dir/shrec21/subtomo/10/3QM1_9_46_159_218.mrc,10
/your_dir/shrec21/subtomo/10/3QM1_9_113_331_240.mrc,10
/your_dir/shrec21/subtomo/10/3QM1_9_185_57_296.mrc,10
/your_dir/shrec21/subtomo/10/3QM1_9_29_174_179.mrc,10
/your_dir/shrec21/subtomo/10/3QM1_9_321_441_189.mrc,10
/your_dir/shrec21/subtomo/10/3QM1_9_55_442_291.mrc,10
/your_dir/shrec21/subtomo/10/3QM1_9_471_385_239.mrc,10
/your_dir/shrec21/subtomo/10/3QM1_9_377_433_221.mrc,10
/your_dir/shrec21/subtomo/10/3QM1_9_94_306_272.mrc,10
/your_dir/shrec21/subtomo/10/3QM1_9_97_484_223.mrc,10
/your_dir/shrec21/subtomo/10/3QM1_9_169_342_241.mrc,10
/your_dir/shrec21/subtomo/10/3QM1_9_279_224_286.mrc,10
/your_dir/shrec21/subtomo/10/3QM1_9_178_469_237.mrc,10
/your_dir/shrec21/subtomo/10/3QM1_9_161_393_199.mrc,10
/your_dir/shrec21/subtomo/10/3QM1_9_182_431_329.mrc,10
/your_dir/shrec21/subtomo/10/3QM1_9_309_409_208.mrc,10
/your_dir/shrec21/subtomo/10/3QM1_9_408_216_211.mrc,10
/your_dir/shrec21/subtomo/10/3QM1_9_105_272_225.mrc,10
/your_dir/shrec21/subtomo/10/3QM1_9_491_109_220.mrc,10
/your_dir/shrec21/subtomo/10/3QM1_9_116_75_252.mrc,10
/your_dir/shrec21/subtomo/10/3QM1_9_118_151_233.mrc,10
/your_dir/shrec21/subtomo/10/3QM1_9_111_393_181.mrc,10
/your_dir/shrec21/subtomo/10/3QM1_9_341_280_184.mrc,10
/your_dir/shrec21/subtomo/10/3QM1_9_427_260_255.mrc,10
/your_dir/shrec21/subtomo/10/3QM1_9_449_222_190.mrc,10
/your_dir/shrec21/subtomo/10/3QM1_9_277_408_296.mrc,10
/your_dir/shrec21/subtomo/10/3QM1_9_33_116_321.mrc,10
/your_dir/shrec21/subtomo/10/3QM1_9_240_469_326.mrc,10
/your_dir/shrec21/subtomo/10/3QM1_9_101_260_261.mrc,10
/your_dir/shrec21/subtomo/10/3QM1_9_69_429_281.mrc,10
/your_dir/shrec21/subtomo/10/3QM1_9_376_422_189.mrc,10
/your_dir/shrec21/subtomo/10/3QM1_9_134_37_192.mrc,10
/your_dir/shrec21/subtomo/10/3QM1_9_84_154_262.mrc,10
/your_dir/shrec21/subtomo/11/4V94_9_230_203_195.mrc,11
/your_dir/shrec21/subtomo/11/4V94_9_72_281_192.mrc,11
/your_dir/shrec21/subtomo/11/4V94_9_351_254_277.mrc,11
/your_dir/shrec21/subtomo/11/4V94_9_483_430_203.mrc,11
/your_dir/shrec21/subtomo/11/4V94_9_249_179_264.mrc,11
/your_dir/shrec21/subtomo/11/4V94_9_333_413_238.mrc,11
/your_dir/shrec21/subtomo/11/4V94_9_135_429_284.mrc,11
/your_dir/shrec21/subtomo/11/4V94_9_491_217_238.mrc,11
/your_dir/shrec21/subtomo/11/4V94_9_178_223_280.mrc,11
/your_dir/shrec21/subtomo/11/4V94_9_128_162_242.mrc,11
/your_dir/shrec21/subtomo/11/4V94_9_139_216_297.mrc,11
/your_dir/shrec21/subtomo/11/4V94_9_131_480_219.mrc,11
/your_dir/shrec21/subtomo/11/4V94_9_405_440_252.mrc,11
/your_dir/shrec21/subtomo/11/4V94_9_189_489_212.mrc,11
/your_dir/shrec21/subtomo/11/4V94_9_490_351_224.mrc,11
/your_dir/shrec21/subtomo/11/4V94_9_207_106_234.mrc,11
/your_dir/shrec21/subtomo/11/4V94_9_18_442_306.mrc,11
/your_dir/shrec21/subtomo/11/4V94_9_479_311_312.mrc,11
/your_dir/shrec21/subtomo/11/4V94_9_266_455_214.mrc,11
/your_dir/shrec21/subtomo/11/4V94_9_277_19_199.mrc,11
/your_dir/shrec21/subtomo/11/4V94_9_364_207_289.mrc,11
/your_dir/shrec21/subtomo/11/4V94_9_209_33_213.mrc,11
/your_dir/shrec21/subtomo/11/4V94_9_263_247_245.mrc,11
/your_dir/shrec21/subtomo/11/4V94_9_97_218_262.mrc,11
/your_dir/shrec21/subtomo/11/4V94_9_109_345_297.mrc,11
/your_dir/shrec21/subtomo/11/4V94_9_169_470_252.mrc,11
/your_dir/shrec21/subtomo/11/4V94_9_326_305_203.mrc,11
/your_dir/shrec21/subtomo/11/4V94_9_282_25_326.mrc,11
/your_dir/shrec21/subtomo/11/4V94_9_380_246_228.mrc,11
/your_dir/shrec21/subtomo/11/4V94_9_250_180_291.mrc,11
/your_dir/shrec21/subtomo/11/4V94_9_389_478_276.mrc,11
/your_dir/shrec21/subtomo/11/4V94_9_78_378_297.mrc,11
/your_dir/shrec21/subtomo/11/4V94_9_74_165_226.mrc,11
/your_dir/shrec21/subtomo/11/4V94_9_325_269_265.mrc,11
/your_dir/shrec21/subtomo/11/4V94_9_335_392_202.mrc,11
/your_dir/shrec21/subtomo/11/4V94_9_142_117_296.mrc,11
/your_dir/shrec21/subtomo/11/4V94_9_222_451_213.mrc,11
/your_dir/shrec21/subtomo/11/4V94_9_23_419_225.mrc,11
/your_dir/shrec21/subtomo/11/4V94_9_454_407_275.mrc,11
/your_dir/shrec21/subtomo/11/4V94_9_452_177_250.mrc,11
/your_dir/shrec21/subtomo/11/4V94_9_185_76_304.mrc,11
/your_dir/shrec21/subtomo/11/4V94_9_245_412_281.mrc,11
/your_dir/shrec21/subtomo/11/4V94_9_255_141_196.mrc,11
/your_dir/shrec21/subtomo/11/4V94_9_406_222_236.mrc,11
/your_dir/shrec21/subtomo/11/4V94_9_288_407_197.mrc,11
/your_dir/shrec21/subtomo/11/4V94_9_404_357_285.mrc,11
/your_dir/shrec21/subtomo/11/4V94_9_41_330_192.mrc,11
/your_dir/shrec21/subtomo/11/4V94_9_376_486_323.mrc,11
/your_dir/shrec21/subtomo/11/4V94_9_314_216_317.mrc,11
/your_dir/shrec21/subtomo/11/4V94_9_82_81_271.mrc,11
/your_dir/shrec21/subtomo/11/4V94_9_282_384_287.mrc,11
/your_dir/shrec21/subtomo/11/4V94_9_412_453_276.mrc,11
/your_dir/shrec21/subtomo/11/4V94_9_293_452_242.mrc,11
/your_dir/shrec21/subtomo/11/4V94_9_312_373_186.mrc,11
/your_dir/shrec21/subtomo/11/4V94_9_381_324_242.mrc,11
/your_dir/shrec21/subtomo/11/4V94_9_243_73_326.mrc,11
/your_dir/shrec21/subtomo/11/4V94_9_389_255_290.mrc,11
/your_dir/shrec21/subtomo/11/4V94_9_93_464_198.mrc,11
/your_dir/shrec21/subtomo/11/4V94_9_204_364_198.mrc,11
/your_dir/shrec21/subtomo/11/4V94_9_93_168_273.mrc,11
/your_dir/shrec21/subtomo/11/4V94_9_162_166_250.mrc,11
/your_dir/shrec21/subtomo/11/4V94_9_207_228_208.mrc,11
/your_dir/shrec21/subtomo/11/4V94_9_150_368_302.mrc,11
/your_dir/shrec21/subtomo/11/4V94_9_390_46_279.mrc,11
/your_dir/shrec21/subtomo/11/4V94_9_85_222_289.mrc,11
/your_dir/shrec21/subtomo/11/4V94_9_114_423_270.mrc,11
/your_dir/shrec21/subtomo/11/4V94_9_107_74_190.mrc,11
/your_dir/shrec21/subtomo/11/4V94_9_31_235_275.mrc,11
/your_dir/shrec21/subtomo/11/4V94_9_44_366_261.mrc,11
/your_dir/shrec21/subtomo/11/4V94_9_62_25_325.mrc,11
/your_dir/shrec21/subtomo/11/4V94_9_477_179_276.mrc,11
/your_dir/shrec21/subtomo/11/4V94_9_430_420_277.mrc,11
/your_dir/shrec21/subtomo/11/4V94_9_477_260_283.mrc,11
/your_dir/shrec21/subtomo/11/4V94_9_362_122_216.mrc,11
/your_dir/shrec21/subtomo/11/4V94_9_483_97_284.mrc,11
/your_dir/shrec21/subtomo/11/4V94_9_463_73_233.mrc,11
/your_dir/shrec21/subtomo/11/4V94_9_46_43_299.mrc,11
/your_dir/shrec21/subtomo/11/4V94_9_391_435_206.mrc,11
/your_dir/shrec21/subtomo/11/4V94_9_125_401_295.mrc,11
/your_dir/shrec21/subtomo/11/4V94_9_469_399_217.mrc,11
/your_dir/shrec21/subtomo/11/4V94_9_315_310_230.mrc,11
/your_dir/shrec21/subtomo/11/4V94_9_221_273_284.mrc,11
/your_dir/shrec21/subtomo/11/4V94_9_232_251_206.mrc,11
/your_dir/shrec21/subtomo/11/4V94_9_312_220_231.mrc,11
/your_dir/shrec21/subtomo/11/4V94_9_107_397_198.mrc,11
/your_dir/shrec21/subtomo/11/4V94_9_133_399_238.mrc,11
/your_dir/shrec21/subtomo/11/4V94_9_296_304_285.mrc,11
/your_dir/shrec21/subtomo/11/4V94_9_81_244_209.mrc,11
/your_dir/shrec21/subtomo/11/4V94_9_204_181_226.mrc,11
/your_dir/shrec21/subtomo/11/4V94_9_483_54_326.mrc,11
/your_dir/shrec21/subtomo/11/4V94_9_489_66_250.mrc,11
/your_dir/shrec21/subtomo/11/4V94_9_360_235_269.mrc,11
/your_dir/shrec21/subtomo/11/4V94_9_454_191_219.mrc,11
/your_dir/shrec21/subtomo/11/4V94_9_51_474_192.mrc,11
/your_dir/shrec21/subtomo/11/4V94_9_489_411_240.mrc,11
/your_dir/shrec21/subtomo/11/4V94_9_449_135_202.mrc,11
/your_dir/shrec21/subtomo/11/4V94_9_333_104_320.mrc,11
/your_dir/shrec21/subtomo/11/4V94_9_183_259_298.mrc,11
/your_dir/shrec21/subtomo/11/4V94_9_256_32_272.mrc,11
/your_dir/shrec21/subtomo/11/4V94_9_437_248_186.mrc,11
/your_dir/shrec21/subtomo/11/4V94_9_438_437_294.mrc,11
/your_dir/shrec21/subtomo/11/4V94_9_145_101_237.mrc,11
/your_dir/shrec21/subtomo/11/4V94_9_489_456_318.mrc,11
/your_dir/shrec21/subtomo/11/4V94_9_146_71_202.mrc,11
/your_dir/shrec21/subtomo/11/4V94_9_48_381_193.mrc,11
/your_dir/shrec21/subtomo/11/4V94_9_174_172_292.mrc,11
/your_dir/shrec21/subtomo/11/4V94_9_117_101_293.mrc,11
/your_dir/shrec21/subtomo/11/4V94_9_378_224_251.mrc,11
/your_dir/shrec21/subtomo/11/4V94_9_491_472_323.mrc,11
/your_dir/shrec21/subtomo/11/4V94_9_111_32_210.mrc,11
/your_dir/shrec21/subtomo/11/4V94_9_117_460_285.mrc,11
/your_dir/shrec21/subtomo/11/4V94_9_62_341_279.mrc,11
/your_dir/shrec21/subtomo/11/4V94_9_197_179_320.mrc,11
/your_dir/shrec21/subtomo/11/4V94_9_55_171_267.mrc,11
/your_dir/shrec21/subtomo/11/4V94_9_348_416_323.mrc,11
/your_dir/shrec21/subtomo/11/4V94_9_404_109_281.mrc,11
/your_dir/shrec21/subtomo/11/4V94_9_237_84_245.mrc,11
/your_dir/shrec21/subtomo/11/4V94_9_201_58_289.mrc,11
/your_dir/shrec21/subtomo/11/4V94_9_221_176_185.mrc,11
/your_dir/shrec21/subtomo/11/4V94_9_123_249_311.mrc,11
/your_dir/shrec21/subtomo/11/4V94_9_435_403_206.mrc,11
/your_dir/shrec21/subtomo/11/4V94_9_213_312_313.mrc,11
/your_dir/shrec21/subtomo/11/4V94_9_129_178_186.mrc,11
/your_dir/shrec21/subtomo/11/4V94_9_308_274_321.mrc,11
/your_dir/shrec21/subtomo/11/4V94_9_328_263_206.mrc,11
/your_dir/shrec21/subtomo/11/4V94_9_339_235_229.mrc,11
/your_dir/shrec21/subtomo/11/4V94_9_95_65_252.mrc,11
/your_dir/shrec21/subtomo/11/4V94_9_453_105_244.mrc,11
/your_dir/shrec21/subtomo/11/4V94_9_124_243_219.mrc,11
/your_dir/shrec21/subtomo/11/4V94_9_136_226_274.mrc,11
/your_dir/shrec21/subtomo/12/5MRC_9_484_224_291.mrc,12
/your_dir/shrec21/subtomo/12/5MRC_9_156_202_186.mrc,12
/your_dir/shrec21/subtomo/12/5MRC_9_225_92_202.mrc,12
/your_dir/shrec21/subtomo/12/5MRC_9_243_315_320.mrc,12
/your_dir/shrec21/subtomo/12/5MRC_9_472_421_308.mrc,12
/your_dir/shrec21/subtomo/12/5MRC_9_280_145_215.mrc,12
/your_dir/shrec21/subtomo/12/5MRC_9_319_303_280.mrc,12
/your_dir/shrec21/subtomo/12/5MRC_9_393_483_215.mrc,12
/your_dir/shrec21/subtomo/12/5MRC_9_477_280_218.mrc,12
/your_dir/shrec21/subtomo/12/5MRC_9_202_194_189.mrc,12
/your_dir/shrec21/subtomo/12/5MRC_9_290_260_298.mrc,12
/your_dir/shrec21/subtomo/12/5MRC_9_65_378_261.mrc,12
/your_dir/shrec21/subtomo/12/5MRC_9_239_461_301.mrc,12
/your_dir/shrec21/subtomo/12/5MRC_9_45_114_231.mrc,12
/your_dir/shrec21/subtomo/12/5MRC_9_56_128_185.mrc,12
/your_dir/shrec21/subtomo/12/5MRC_9_198_212_276.mrc,12
/your_dir/shrec21/subtomo/12/5MRC_9_337_209_296.mrc,12
/your_dir/shrec21/subtomo/12/5MRC_9_207_482_310.mrc,12
/your_dir/shrec21/subtomo/12/5MRC_9_266_465_187.mrc,12
/your_dir/shrec21/subtomo/12/5MRC_9_151_65_232.mrc,12
/your_dir/shrec21/subtomo/12/5MRC_9_48_163_201.mrc,12
/your_dir/shrec21/subtomo/12/5MRC_9_370_278_255.mrc,12
/your_dir/shrec21/subtomo/12/5MRC_9_344_129_301.mrc,12
/your_dir/shrec21/subtomo/12/5MRC_9_391_424_238.mrc,12
/your_dir/shrec21/subtomo/12/5MRC_9_451_299_189.mrc,12
/your_dir/shrec21/subtomo/12/5MRC_9_455_120_321.mrc,12
/your_dir/shrec21/subtomo/12/5MRC_9_319_386_297.mrc,12
/your_dir/shrec21/subtomo/12/5MRC_9_427_360_306.mrc,12
/your_dir/shrec21/subtomo/12/5MRC_9_369_406_288.mrc,12
/your_dir/shrec21/subtomo/12/5MRC_9_309_390_269.mrc,12
/your_dir/shrec21/subtomo/12/5MRC_9_428_461_199.mrc,12
/your_dir/shrec21/subtomo/12/5MRC_9_299_425_270.mrc,12
/your_dir/shrec21/subtomo/12/5MRC_9_309_329_298.mrc,12
/your_dir/shrec21/subtomo/12/5MRC_9_181_92_244.mrc,12
/your_dir/shrec21/subtomo/12/5MRC_9_92_250_314.mrc,12
/your_dir/shrec21/subtomo/12/5MRC_9_363_140_326.mrc,12
/your_dir/shrec21/subtomo/12/5MRC_9_78_430_223.mrc,12
/your_dir/shrec21/subtomo/12/5MRC_9_198_44_323.mrc,12
/your_dir/shrec21/subtomo/12/5MRC_9_339_428_299.mrc,12
/your_dir/shrec21/subtomo/12/5MRC_9_94_155_205.mrc,12
/your_dir/shrec21/subtomo/12/5MRC_9_435_242_322.mrc,12
/your_dir/shrec21/subtomo/12/5MRC_9_476_461_237.mrc,12
/your_dir/shrec21/subtomo/12/5MRC_9_391_409_325.mrc,12
/your_dir/shrec21/subtomo/12/5MRC_9_295_434_219.mrc,12
/your_dir/shrec21/subtomo/12/5MRC_9_314_302_318.mrc,12
/your_dir/shrec21/subtomo/12/5MRC_9_296_336_274.mrc,12
/your_dir/shrec21/subtomo/12/5MRC_9_332_185_203.mrc,12
/your_dir/shrec21/subtomo/12/5MRC_9_322_421_187.mrc,12
/your_dir/shrec21/subtomo/12/5MRC_9_286_43_211.mrc,12
/your_dir/shrec21/subtomo/12/5MRC_9_413_127_209.mrc,12
/your_dir/shrec21/subtomo/12/5MRC_9_173_66_254.mrc,12
/your_dir/shrec21/subtomo/12/5MRC_9_471_64_287.mrc,12
/your_dir/shrec21/subtomo/12/5MRC_9_205_24_243.mrc,12
/your_dir/shrec21/subtomo/12/5MRC_9_78_347_313.mrc,12
/your_dir/shrec21/subtomo/12/5MRC_9_123_339_221.mrc,12
/your_dir/shrec21/subtomo/12/5MRC_9_361_196_255.mrc,12
/your_dir/shrec21/subtomo/12/5MRC_9_64_67_235.mrc,12
/your_dir/shrec21/subtomo/12/5MRC_9_96_152_318.mrc,12
/your_dir/shrec21/subtomo/12/5MRC_9_321_241_291.mrc,12
/your_dir/shrec21/subtomo/12/5MRC_9_278_149_326.mrc,12
/your_dir/shrec21/subtomo/12/5MRC_9_83_291_289.mrc,12
/your_dir/shrec21/subtomo/12/5MRC_9_433_464_239.mrc,12
/your_dir/shrec21/subtomo/12/5MRC_9_378_86_307.mrc,12
/your_dir/shrec21/subtomo/12/5MRC_9_257_187_192.mrc,12
/your_dir/shrec21/subtomo/12/5MRC_9_25_491_298.mrc,12
/your_dir/shrec21/subtomo/12/5MRC_9_57_396_302.mrc,12
/your_dir/shrec21/subtomo/12/5MRC_9_211_51_240.mrc,12
/your_dir/shrec21/subtomo/12/5MRC_9_81_35_247.mrc,12
/your_dir/shrec21/subtomo/12/5MRC_9_23_149_295.mrc,12
/your_dir/shrec21/subtomo/12/5MRC_9_336_262_313.mrc,12
/your_dir/shrec21/subtomo/12/5MRC_9_236_230_318.mrc,12
/your_dir/shrec21/subtomo/12/5MRC_9_420_324_314.mrc,12
/your_dir/shrec21/subtomo/12/5MRC_9_492_242_246.mrc,12
/your_dir/shrec21/subtomo/12/5MRC_9_442_59_232.mrc,12
/your_dir/shrec21/subtomo/12/5MRC_9_358_164_261.mrc,12
/your_dir/shrec21/subtomo/12/5MRC_9_139_371_190.mrc,12
/your_dir/shrec21/subtomo/12/5MRC_9_260_110_269.mrc,12
/your_dir/shrec21/subtomo/12/5MRC_9_325_456_294.mrc,12
/your_dir/shrec21/subtomo/12/5MRC_9_464_171_324.mrc,12
/your_dir/shrec21/subtomo/12/5MRC_9_390_260_206.mrc,12
/your_dir/shrec21/subtomo/12/5MRC_9_449_294_240.mrc,12
/your_dir/shrec21/subtomo/12/5MRC_9_482_490_251.mrc,12
/your_dir/shrec21/subtomo/12/5MRC_9_306_188_291.mrc,12
/your_dir/shrec21/subtomo/12/5MRC_9_433_277_322.mrc,12
/your_dir/shrec21/subtomo/12/5MRC_9_172_205_233.mrc,12
/your_dir/shrec21/subtomo/12/5MRC_9_72_60_259.mrc,12
/your_dir/shrec21/subtomo/12/5MRC_9_463_453_295.mrc,12
/your_dir/shrec21/subtomo/12/5MRC_9_256_45_200.mrc,12
/your_dir/shrec21/subtomo/12/5MRC_9_320_402_326.mrc,12
/your_dir/shrec21/subtomo/12/5MRC_9_222_165_285.mrc,12
/your_dir/shrec21/subtomo/12/5MRC_9_221_425_253.mrc,12
/your_dir/shrec21/subtomo/12/5MRC_9_135_338_248.mrc,12
/your_dir/shrec21/subtomo/12/5MRC_9_286_406_319.mrc,12
/your_dir/shrec21/subtomo/12/5MRC_9_40_197_318.mrc,12
/your_dir/shrec21/subtomo/12/5MRC_9_470_227_262.mrc,12
/your_dir/shrec21/subtomo/12/5MRC_9_413_53_312.mrc,12
/your_dir/shrec21/subtomo/12/5MRC_9_169_24_291.mrc,12
/your_dir/shrec21/subtomo/12/5MRC_9_274_402_248.mrc,12
/your_dir/shrec21/subtomo/12/5MRC_9_203_76_252.mrc,12
/your_dir/shrec21/subtomo/12/5MRC_9_139_425_212.mrc,12
/your_dir/shrec21/subtomo/12/5MRC_9_53_424_245.mrc,12
/your_dir/shrec21/subtomo/12/5MRC_9_84_446_276.mrc,12
/your_dir/shrec21/subtomo/12/5MRC_9_151_303_207.mrc,12
/your_dir/shrec21/subtomo/12/5MRC_9_411_92_256.mrc,12
/your_dir/shrec21/subtomo/12/5MRC_9_345_296_324.mrc,12
/your_dir/shrec21/subtomo/12/5MRC_9_469_230_194.mrc,12
/your_dir/shrec21/subtomo/12/5MRC_9_386_177_268.mrc,12
/your_dir/shrec21/subtomo/12/5MRC_9_305_126_295.mrc,12
/your_dir/shrec21/subtomo/12/5MRC_9_46_196_256.mrc,12
/your_dir/shrec21/subtomo/12/5MRC_9_338_483_324.mrc,12
/your_dir/shrec21/subtomo/12/5MRC_9_71_72_316.mrc,12
/your_dir/shrec21/subtomo/12/5MRC_9_36_148_265.mrc,12
/your_dir/shrec21/subtomo/12/5MRC_9_30_50_193.mrc,12
/your_dir/shrec21/subtomo/12/5MRC_9_26_140_217.mrc,12
/your_dir/shrec21/subtomo/12/5MRC_9_248_44_302.mrc,12
/your_dir/shrec21/subtomo/12/5MRC_9_181_271_192.mrc,12
/your_dir/shrec21/subtomo/12/5MRC_9_303_229_190.mrc,12
/your_dir/shrec21/subtomo/12/5MRC_9_129_177_305.mrc,12
/your_dir/shrec21/subtomo/12/5MRC_9_153_340_288.mrc,12
/your_dir/shrec21/subtomo/12/5MRC_9_451_305_312.mrc,12
/your_dir/shrec21/subtomo/12/5MRC_9_468_480_203.mrc,12
